연간소득,직급1,자격증,성별1,혼인상태1,최종학력1
10000,차장급,아니오,남,기혼,4년제졸
6000,대리급,아니오,남,미혼,4년제졸
7200,과장급,아니오,남,기혼,4년제졸
3300,주임/계장,아니오,여,기혼,4년제졸
4100,과장급,아니오,남,기혼,4년제졸
10000,차장급,예,남,기혼,기타 실업고졸
11000,차장급,아니오,남,기혼,4년제졸
6000,대리급,예,여,미혼,4년제졸
NA,차장급,아니오,여,기혼,전문대졸
5900,대리급,아니오,남,기혼,4년제졸
6500,대리급,아니오,여,기혼,4년제졸
11000,차장급,아니오,남,기혼,박사졸
9000,차장급,아니오,남,기혼,4년제졸
9000,차장급,아니오,남,기혼,4년제졸
NA,과장급,아니오,여,기혼,4년제졸
8000,과장급,아니오,여,기혼,4년제졸
4000,주임/계장,아니오,여,미혼,4년제졸
6000,대리급,아니오,남,기혼,석사졸
8500,차장급,아니오,남,기혼,석사졸
NA,주임/계장,아니오,남,미혼,4년제졸
6000,대리급,아니오,남,미혼,4년제졸
5700,대리급,아니오,남,기혼,4년제졸
NA,대리급,아니오,남,기혼,4년제졸
NA,대리급,아니오,남,기혼,4년제졸
7000,과장급,예,남,기혼,석사졸
5500,대리급,예,남,미혼,4년제졸
NA,차장급,아니오,남,기혼,4년제졸
5500,과장급,예,남,기혼,4년제졸
3600,과장급,아니오,남,기혼,4년제졸
NA,과장급,예,남,기혼,4년제졸
3600,사원급,아니오,남,미혼,4년제졸
5500,과장급,아니오,남,기혼,4년제졸
3900,사원급,예,남,기혼,4년제졸
4506,대리급,아니오,남,기혼,4년제졸
4500,대리급,아니오,남,기혼,4년제졸
4525,과장급,아니오,남,기혼,4년제졸
6100,과장급,아니오,남,기혼,4년제졸
5400,과장급,아니오,남,기혼,4년제졸
3792,주임/계장,아니오,남,미혼,4년제졸
3800,사원급,아니오,남,미혼,4년제졸
5500,과장급,아니오,남,기혼,4년제졸
5800,과장급,아니오,남,기혼,석사졸
3600,사원급,예,남,미혼,4년제졸
NA,대리급,아니오,남,기혼,4년제졸
NA,대리급,예,남,미혼,4년제졸
5800,과장급,예,남,기혼,4년제졸
NA,대리급,예,남,미혼,4년제졸
3560,사원급,예,남,미혼,4년제졸
4400,대리급,예,남,기혼,4년제졸
5600,대리급,예,남,기혼,4년제졸
4500,과장급,아니오,남,기혼,4년제졸
5400,임원급,아니오,남,기혼,박사졸
5000,부장급,예,남,기혼,석사졸
5000,차장급,아니오,남,기혼,박사졸
4800,차장급,예,남,기혼,석사졸
5300,부장급,아니오,남,기혼,석사졸
4800,차장급,아니오,남,기혼,4년제졸
4800,임원급,아니오,남,기혼,4년제졸
NA,사원급,아니오,여,미혼,전문대졸
NA,사원급,아니오,여,미혼,전문대졸
3700,대리급,아니오,남,미혼,4년제졸
2400,주임/계장,아니오,여,미혼,기타 실업고졸
NA,대리급,아니오,남,미혼,전문대졸
3500,대리급,아니오,남,미혼,석사졸
4500,과장급,아니오,남,기혼,4년제졸
4800,임원급,아니오,남,기혼,기타 실업고졸
NA,차장급,아니오,남,기혼,4년제졸
4200,과장급,아니오,남,기혼,전문대졸
2000,사원급,아니오,여,미혼,4년제졸
3000,주임/계장,아니오,여,기혼,4년제졸
5800,임원급,아니오,남,기혼,석사졸
4900,차장급,아니오,남,기혼,4년제졸
NA,사원급,아니오,여,미혼,기타 실업고졸
4500,차장급,예,남,기혼,4년제졸
5260,임원급,예,남,기혼,4년제졸
3400,과장급,예,남,기혼,4년제졸
5200,부장급,예,여,미혼,4년제졸
4100,대리급,예,남,기혼,4년제졸
NA,사원급,예,남,미혼,4년제졸
NA,부장급,아니오,남,기혼,4년제졸
NA,과장급,아니오,남,기혼,4년제졸
5500,임원급,아니오,남,기혼,4년제졸
NA,사원급,예,남,미혼,4년제졸
NA,사원급,예,남,미혼,석사졸
NA,대리급,예,남,기혼,4년제졸
2400,사원급,아니오,남,미혼,4년제졸
2400,대리급,아니오,남,미혼,4년제졸
NA,사원급,예,남,미혼,4년제졸
NA,사원급,예,남,미혼,석사졸
5600,임원급,예,남,기혼,4년제졸
5000,차장급,예,남,기혼,4년제졸
3800,주임/계장,아니오,여,기혼,인문고졸
4800,차장급,예,남,기혼,4년제졸
NA,사원급,예,남,미혼,4년제졸
NA,과장급,예,남,미혼,4년제졸
4000,차장급,예,남,기혼,4년제졸
5200,차장급,예,남,기혼,4년제졸
4500,차장급,예,남,기혼,4년제졸
6000,임원급,예,남,기혼,4년제졸
5000,차장급,예,남,기혼,석사졸
4000,대리급,예,남,기혼,4년제졸
5000,차장급,예,남,기혼,석사졸
3591,대리급,예,남,기혼,석사졸
4000,대리급,예,남,기혼,석사졸
5000,차장급,예,남,기혼,4년제졸
5800,임원급,아니오,남,기혼,석사졸
NA,차장급,예,남,미혼,4년제졸
5178,차장급,아니오,남,기혼,4년제졸
4600,과장급,예,남,기혼,4년제졸
NA,과장급,예,남,기혼,석사졸
NA,차장급,예,남,기혼,4년제졸
NA,사원급,예,남,미혼,4년제졸
5060,차장급,예,남,기혼,4년제졸
5178,차장급,아니오,남,기혼,4년제졸
NA,부장급,아니오,남,기혼,석사졸
10000,부장급,아니오,남,기혼,4년제졸
3500,차장급,아니오,여,기혼,기타 실업고졸
6000,부장급,아니오,남,기혼,공고졸
9000,부장급,아니오,남,기혼,4년제졸
NA,사원급,아니오,여,미혼,기타 실업고졸
3000,차장급,예,여,미혼,전문대졸
NA,대리급,아니오,남,기혼,4년제졸
8800,부장급,아니오,남,기혼,4년제졸
3600,과장급,아니오,여,미혼,전문대졸
3900,부장급,아니오,남,기혼,4년제졸
3900,차장급,아니오,남,기혼,4년제졸
2400,주임/계장,아니오,여,미혼,기타 실업고졸
2600,대리급,아니오,남,기혼,4년제졸
2800,대리급,아니오,여,기혼,기타 실업고졸
4000,부장급,아니오,남,기혼,4년제졸
2550,사원급,아니오,여,미혼,4년제졸
2480,사원급,아니오,남,미혼,4년제졸
6600,차장급,아니오,남,기혼,4년제졸
6000,과장급,아니오,남,기혼,4년제졸
5500,대리급,아니오,남,미혼,4년제졸
4800,사원급,아니오,남,미혼,4년제졸
7000,차장급,아니오,남,기혼,4년제졸
5500,대리급,아니오,남,기혼,4년제졸
5500,대리급,아니오,남,기혼,4년제졸
4500,사원급,아니오,남,기혼,4년제졸
NA,사원급,아니오,남,미혼,4년제졸
4000,과장급,아니오,남,미혼,4년제졸
4000,사원급,아니오,남,NA,4년제졸
7000,과장급,아니오,남,기혼,4년제졸
7200,부장급,아니오,남,기혼,박사졸
3500,사원급,예,남,미혼,석사졸
5800,차장급,아니오,남,미혼,석사졸
4500,대리급,예,남,기혼,4년제졸
6000,차장급,예,남,기혼,석사졸
NA,사원급,아니오,남,미혼,석사졸
NA,과장급,아니오,남,기혼,석사졸
8000,부장급,아니오,남,기혼,석사졸
5500,과장급,아니오,남,기혼,4년제졸
NA,대리급,예,남,기혼,4년제졸
NA,차장급,아니오,남,기혼,4년제졸
6300,차장급,예,남,기혼,4년제졸
8000,부장급,아니오,남,기혼,4년제졸
6000,과장급,아니오,여,미혼,4년제졸
5100,과장급,아니오,남,기혼,석사졸
4000,사원급,아니오,남,미혼,4년제졸
3500,대리급,아니오,남,기혼,4년제졸
3500,사원급,아니오,여,기혼,4년제졸
8000,부장급,예,남,기혼,4년제졸
5500,과장급,예,남,기혼,4년제졸
7000,차장급,아니오,남,기혼,4년제졸
NA,차장급,아니오,남,기혼,4년제졸
NA,사원급,예,남,미혼,4년제졸
4272,대리급,아니오,여,기혼,전문대졸
NA,대리급,아니오,남,기혼,석사졸
6000,부장급,예,남,기혼,4년제졸
3600,사원급,아니오,남,기혼,4년제졸
NA,사원급,예,남,미혼,4년제졸
3400,사원급,아니오,남,미혼,4년제졸
NA,사원급,아니오,여,미혼,4년제졸
4500,대리급,예,남,기혼,4년제졸
4500,대리급,예,여,기혼,4년제졸
8000,부장급,아니오,남,기혼,4년제졸
NA,과장급,예,남,기혼,4년제졸
6500,차장급,예,남,기혼,4년제졸
6324,차장급,예,남,미혼,4년제졸
6500,차장급,예,여,기혼,4년제졸
4700,과장급,예,남,기혼,4년제졸
NA,사원급,아니오,여,미혼,4년제졸
5000,과장급,예,남,기혼,4년제졸
7200,차장급,아니오,남,기혼,4년제졸
5000,과장급,아니오,남,미혼,4년제졸
4200,대리급,예,남,기혼,4년제졸
3500,사원급,예,남,미혼,4년제졸
3800,사원급,아니오,남,미혼,4년제졸
NA,사원급,예,남,미혼,4년제졸
4300,대리급,아니오,여,기혼,4년제졸
5100,과장급,예,남,기혼,석사졸
NA,부장급,아니오,남,기혼,4년제졸
NA,과장급,아니오,여,기혼,4년제졸
NA,차장급,예,남,기혼,4년제졸
NA,사원급,예,여,기혼,4년제졸
NA,과장급,예,남,기혼,4년제졸
NA,과장급,아니오,여,미혼,4년제졸
5280,부장급,아니오,남,기혼,전문대졸
5000,차장급,아니오,남,미혼,4년제졸
4300,차장급,아니오,남,기혼,전문대졸
2800,대리급,예,남,기혼,공고졸
NA,사원급,아니오,남,미혼,전문대졸
NA,대리급,예,남,기혼,전문대졸
NA,사원급,예,여,미혼,4년제졸
2600,주임/계장,아니오,여,미혼,4년제졸
NA,대리급,예,남,미혼,전문대졸
NA,대리급,아니오,여,미혼,4년제졸
NA,주임/계장,예,남,기혼,전문대졸
NA,주임/계장,아니오,남,미혼,4년제졸
5400,부장급,예,남,기혼,4년제졸
4000,차장급,아니오,남,기혼,4년제졸
5000,부장급,예,남,기혼,석사졸
NA,사원급,아니오,여,미혼,4년제졸
NA,사원급,아니오,남,미혼,4년제졸
3000,대리급,아니오,남,미혼,4년제졸
NA,과장급,아니오,남,미혼,인문고졸
2900,사원급,아니오,여,기혼,기타 실업고졸
2000,사원급,아니오,여,미혼,전문대졸
NA,사원급,예,남,미혼,전문대졸
2000,사원급,아니오,여,기혼,인문고졸
NA,사원급,아니오,여,기혼,인문고졸
4000,차장급,아니오,남,NA,공고졸
3500,대리급,아니오,남,기혼,인문고졸
NA,주임/계장,아니오,남,기혼,기타 실업고졸
2400,사원급,아니오,여,미혼,전문대졸
2400,사원급,아니오,여,기혼,중졸이하
3100,사원급,아니오,여,이혼,중졸이하
NA,사원급,아니오,남,기혼,4년제졸
2400,사원급,아니오,여,기혼,인문고졸
2400,사원급,아니오,여,기혼,인문고졸
4000,과장급,아니오,남,기혼,공고졸
NA,과장급,예,남,미혼,전문대졸
2300,사원급,아니오,여,기혼,인문고졸
2400,사원급,아니오,여,기혼,인문고졸
2700,사원급,아니오,여,기혼,인문고졸
2400,사원급,아니오,여,기혼,인문고졸
2400,사원급,아니오,여,기혼,인문고졸
2400,사원급,아니오,여,기혼,인문고졸
7000,차장급,예,남,기혼,4년제졸
5200,주임/계장,아니오,남,기혼,4년제졸
NA,사원급,예,여,미혼,기타 실업고졸
NA,대리급,아니오,여,미혼,4년제졸
7600,부장급,아니오,남,기혼,4년제졸
NA,사원급,예,여,미혼,4년제졸
3104,대리급,아니오,남,미혼,4년제졸
NA,과장급,아니오,여,미혼,4년제졸
NA,과장급,아니오,남,미혼,4년제졸
5200,임원급,아니오,남,기혼,전문대졸
3493,대리급,예,남,미혼,전문대졸
3300,대리급,예,남,기혼,4년제졸
NA,사원급,아니오,남,미혼,4년제졸
NA,대리급,아니오,남,기혼,4년제졸
NA,사원급,아니오,남,미혼,4년제졸
4800,부장급,아니오,남,기혼,4년제졸
5000,부장급,예,남,기혼,4년제졸
NA,임원급,예,남,기혼,4년제졸
NA,임원급,예,남,기혼,4년제졸
6000,임원급,예,남,이혼,4년제졸
NA,부장급,예,남,기혼,전문대졸
NA,임원급,예,남,이혼,4년제졸
4800,임원급,아니오,남,기혼,4년제졸
NA,사원급,예,남,미혼,4년제졸
NA,사원급,예,남,미혼,4년제졸
NA,사원급,예,남,미혼,4년제졸
3600,차장급,예,남,기혼,석사졸
3000,대리급,아니오,남,미혼,4년제졸
5000,차장급,아니오,남,기혼,4년제졸
4000,과장급,예,남,기혼,4년제졸
4150,대리급,예,남,기혼,4년제졸
3500,주임/계장,아니오,남,미혼,4년제졸
3400,주임/계장,아니오,남,기혼,4년제졸
4000,차장급,아니오,남,기혼,석사졸
2500,사원급,예,남,미혼,4년제졸
2500,사원급,아니오,남,미혼,석사졸
NA,부장급,아니오,남,기혼,4년제졸
NA,사원급,예,남,미혼,4년제졸
3400,주임/계장,예,남,기혼,4년제졸
4200,과장급,아니오,남,기혼,4년제졸
4000,차장급,아니오,남,기혼,4년제졸
5500,부장급,아니오,남,기혼,4년제졸
NA,과장급,예,남,기혼,4년제졸
4700,과장급,아니오,남,기혼,4년제졸
3700,대리급,예,남,미혼,4년제졸
5200,차장급,아니오,남,기혼,4년제졸
NA,사원급,아니오,여,미혼,전문대졸
3500,대리급,아니오,남,미혼,4년제졸
NA,사원급,아니오,남,미혼,4년제졸
3100,대리급,아니오,여,기혼,전문대졸
NA,사원급,아니오,여,미혼,전문대졸
7000,임원급,아니오,남,기혼,4년제졸
7400,임원급,아니오,남,기혼,4년제졸
3200,대리급,아니오,여,기혼,전문대졸
NA,주임/계장,아니오,여,미혼,4년제졸
5300,차장급,아니오,남,기혼,4년제졸
3800,대리급,아니오,여,기혼,4년제졸
4000,대리급,아니오,남,기혼,4년제졸
5400,부장급,예,남,기혼,전문대졸
NA,부장급,아니오,남,기혼,전문대졸
NA,사원급,예,남,미혼,4년제졸
3500,대리급,아니오,여,기혼,전문대졸
5000,차장급,아니오,남,미혼,4년제졸
5300,생산직 반장급,아니오,남,기혼,공고졸
NA,사원급,아니오,남,미혼,전문대졸
NA,생산직 반장급,아니오,남,기혼,공고졸
NA,생산직 반장급,아니오,남,기혼,인문고졸
NA,생산직 반장급,아니오,남,기혼,기타 실업고졸
NA,생산직 반장급,아니오,남,기혼,공고졸
3300,사원급,아니오,남,이혼,NA
5700,부장급,예,남,기혼,공고졸
NA,사원급,예,남,미혼,4년제졸
NA,사원급,아니오,남,미혼,석사졸
NA,사원급,예,남,미혼,4년제졸
3900,사원급,아니오,남,기혼,공고졸
3800,사원급,아니오,남,기혼,기타 실업고졸
3000,사원급,아니오,남,미혼,기타 실업고졸
4700,사원급,아니오,남,기혼,공고졸
3500,사원급,아니오,남,미혼,공고졸
6000,차장급,아니오,남,기혼,전문대졸
NA,사원급,예,남,미혼,전문대졸
4200,과장급,예,남,기혼,4년제졸
NA,사원급,아니오,남,미혼,4년제졸
4800,과장급,아니오,남,미혼,4년제졸
3500,대리급,아니오,남,기혼,공고졸
2500,주임/계장,아니오,여,미혼,기타 실업고졸
NA,사원급,아니오,남,미혼,전문대졸
4800,대리급,아니오,남,기혼,전문대졸
NA,사원급,아니오,남,미혼,전문대졸
6000,과장급,아니오,남,기혼,석사졸
7000,차장급,아니오,남,기혼,전문대졸
4100,대리급,아니오,남,기혼,전문대졸
6000,차장급,아니오,남,기혼,전문대졸
5100,차장급,아니오,남,기혼,전문대졸
5100,과장급,아니오,남,기혼,전문대졸
5000,과장급,아니오,여,미혼,4년제졸
NA,사원급,아니오,여,미혼,4년제졸
NA,대리급,아니오,남,기혼,석사졸
3756,대리급,아니오,남,미혼,4년제졸
3000,과장급,아니오,여,이혼,인문고졸
2800,주임/계장,예,여,미혼,기타 실업고졸
2400,주임/계장,아니오,여,미혼,기타 실업고졸
NA,사원급,아니오,여,기혼,4년제졸
NA,사원급,아니오,남,미혼,4년제졸
2040,사원급,아니오,여,미혼,전문대졸
NA,사원급,아니오,남,미혼,기타 실업고졸
1900,사원급,아니오,여,미혼,인문고졸
1600,사원급,아니오,남,미혼,4년제졸
NA,사원급,아니오,여,미혼,4년제졸
NA,사원급,아니오,여,미혼,인문고졸
NA,사원급,아니오,남,미혼,전문대졸
NA,사원급,아니오,여,기혼,전문대졸
2400,주임/계장,아니오,남,기혼,4년제졸
2500,사원급,예,여,기혼,기타 실업고졸
NA,사원급,아니오,여,미혼,전문대졸
NA,사원급,아니오,여,기혼,기타 실업고졸
NA,사원급,아니오,여,미혼,공고졸
NA,사원급,아니오,여,미혼,기타 실업고졸
1900,사원급,아니오,남,미혼,4년제졸
NA,사원급,아니오,남,미혼,공고졸
NA,사원급,아니오,남,미혼,공고졸
2040,사원급,아니오,여,미혼,인문고졸
1800,사원급,아니오,여,미혼,기타 실업고졸
1800,주임/계장,아니오,여,기혼,전문대졸
1900,주임/계장,예,여,미혼,4년제졸
7000,부장급,아니오,남,기혼,석사졸
4427,대리급,아니오,남,기혼,4년제졸
4200,대리급,아니오,남,기혼,4년제졸
NA,차장급,예,남,기혼,4년제졸
5000,부장급,아니오,남,기혼,4년제졸
7000,주임/계장,아니오,남,기혼,인문고졸
5600,생산직 반장급,예,남,기혼,인문고졸
2640,사원급,아니오,남,이혼,전문대졸
4500,주임/계장,예,남,기혼,인문고졸
2880,사원급,아니오,남,기혼,기타 실업고졸
NA,주임/계장,아니오,남,기혼,공고졸
6500,주임/계장,아니오,남,기혼,기타 실업고졸
4300,사원급,예,남,미혼,전문대졸
NA,생산직 반장급,아니오,여,미혼,인문고졸
7200,주임/계장,아니오,남,기혼,인문고졸
6400,주임/계장,아니오,남,기혼,인문고졸
7200,주임/계장,아니오,남,기혼,인문고졸
5500,생산직 반장급,아니오,남,미혼,공고졸
5400,생산직 반장급,아니오,남,기혼,인문고졸
6200,주임/계장,아니오,남,기혼,인문고졸
NA,부장급,아니오,남,기혼,4년제졸
4600,대리급,아니오,남,기혼,4년제졸
NA,과장급,아니오,남,기혼,석사졸
NA,사원급,아니오,여,미혼,전문대졸
4800,대리급,아니오,남,미혼,4년제졸
NA,부장급,아니오,남,기혼,4년제졸
5000,과장급,아니오,남,기혼,4년제졸
3500,사원급,예,여,미혼,기타 실업고졸
NA,대리급,아니오,여,미혼,4년제졸
6000,차장급,아니오,남,기혼,4년제졸
NA,대리급,아니오,남,미혼,4년제졸
NA,대리급,아니오,남,미혼,4년제졸
4500,대리급,아니오,남,기혼,4년제졸
6000,부장급,아니오,남,기혼,석사졸
5100,차장급,예,남,기혼,4년제졸
NA,부장급,아니오,남,기혼,4년제졸
3000,대리급,아니오,남,기혼,4년제졸
3300,주임/계장,아니오,남,기혼,전문대졸
NA,대리급,아니오,여,미혼,기타 실업고졸
3000,대리급,아니오,여,기혼,4년제졸
NA,과장급,아니오,남,기혼,공고졸
3500,주임/계장,아니오,남,미혼,전문대졸
3500,주임/계장,아니오,여,미혼,기타 실업고졸
3500,주임/계장,아니오,남,기혼,전문대졸
NA,부장급,아니오,남,기혼,공고졸
3500,주임/계장,아니오,남,기혼,전문대졸
3500,주임/계장,아니오,여,미혼,4년제졸
2700,생산직 반장급,아니오,여,NA,인문고졸
NA,사원급,아니오,남,기혼,4년제졸
2500,사원급,예,남,기혼,공고졸
2000,사원급,아니오,남,미혼,인문고졸
2800,사원급,아니오,남,미혼,인문고졸
NA,사원급,아니오,여,기혼,인문고졸
3500,주임/계장,아니오,남,미혼,공고졸
NA,주임/계장,아니오,남,미혼,4년제졸
NA,사원급,아니오,남,기혼,인문고졸
3400,주임/계장,아니오,남,미혼,공고졸
2700,대리급,아니오,남,미혼,공고졸
NA,사원급,아니오,남,미혼,전문대졸
NA,사원급,아니오,남,미혼,전문대졸
2800,사원급,아니오,남,기혼,기타 실업고졸
3000,생산직 반장급,예,남,이혼,중졸이하
3000,사원급,아니오,여,기혼,기타 실업고졸
NA,사원급,아니오,남,미혼,기타 실업고졸
2200,사원급,아니오,여,기혼,공고졸
3000,사원급,아니오,여,기혼,중졸이하
3000,사원급,아니오,남,기혼,공고졸
3800,사원급,아니오,남,미혼,인문고졸
5000,생산직 반장급,아니오,남,기혼,공고졸
6500,부장급,아니오,남,기혼,4년제졸
NA,차장급,아니오,남,기혼,4년제졸
9000,차장급,예,남,기혼,4년제졸
NA,과장급,예,여,미혼,석사졸
4500,주임/계장,예,여,미혼,4년제졸
NA,사원급,아니오,여,미혼,4년제졸
NA,과장급,예,남,기혼,4년제졸
NA,차장급,아니오,남,기혼,4년제졸
2700,사원급,아니오,여,미혼,전문대졸
NA,차장급,예,남,기혼,전문대졸
6500,대리급,예,남,기혼,4년제졸
6000,대리급,예,여,기혼,4년제졸
8000,과장급,예,남,기혼,4년제졸
9000,차장급,예,여,기혼,4년제졸
8000,과장급,예,남,기혼,4년제졸
8500,차장급,아니오,남,기혼,석사졸
6900,대리급,예,남,기혼,4년제졸
6800,대리급,아니오,남,기혼,4년제졸
3900,사원급,아니오,남,기혼,4년제졸
8000,과장급,아니오,남,기혼,석사졸
6000,대리급,아니오,남,미혼,4년제졸
6000,과장급,아니오,남,기혼,4년제졸
8000,과장급,아니오,남,기혼,석사졸
NA,차장급,아니오,남,기혼,4년제졸
NA,부장급,아니오,남,기혼,4년제졸
6000,주임/계장,아니오,남,기혼,4년제졸
10000,차장급,예,남,기혼,석사졸
NA,차장급,아니오,남,기혼,4년제졸
10000,차장급,예,남,기혼,4년제졸
6000,주임/계장,예,남,미혼,4년제졸
6000,대리급,예,남,미혼,4년제졸
NA,주임/계장,예,여,미혼,석사졸
NA,과장급,예,여,기혼,4년제졸
NA,주임/계장,아니오,여,기혼,전문대졸
4600,주임/계장,아니오,여,미혼,4년제졸
NA,사원급,아니오,여,미혼,4년제졸
NA,주임/계장,아니오,여,미혼,4년제졸
4000,대리급,아니오,남,기혼,전문대졸
3400,사원급,아니오,남,미혼,4년제졸
2700,사원급,아니오,여,미혼,전문대졸
5000,차장급,아니오,남,기혼,4년제졸
NA,과장급,아니오,남,기혼,4년제졸
2500,주임/계장,아니오,여,미혼,전문대졸
3000,생산직 반장급,아니오,남,기혼,전문대졸
NA,대리급,아니오,남,기혼,4년제졸
2600,사원급,아니오,여,미혼,전문대졸
5000,차장급,아니오,남,기혼,4년제졸
NA,사원급,예,남,미혼,4년제졸
3500,대리급,예,여,미혼,전문대졸
NA,과장급,아니오,남,기혼,4년제졸
3500,대리급,예,남,기혼,전문대졸
4100,과장급,아니오,남,기혼,4년제졸
4500,과장급,예,남,기혼,4년제졸
4000,과장급,예,남,기혼,4년제졸
4000,대리급,아니오,남,기혼,4년제졸
4000,과장급,예,남,기혼,4년제졸
NA,부장급,예,남,기혼,석사졸
3700,대리급,아니오,남,미혼,4년제졸
3800,주임/계장,아니오,남,미혼,4년제졸
3050,주임/계장,예,여,미혼,4년제졸
3500,대리급,아니오,남,미혼,석사졸
3300,대리급,아니오,여,미혼,석사졸
5000,차장급,아니오,남,기혼,4년제졸
3100,과장급,아니오,여,미혼,4년제졸
3000,사원급,예,남,기혼,전문대졸
2500,주임/계장,아니오,여,기혼,4년제졸
4100,주임/계장,아니오,남,기혼,석사졸
4000,대리급,아니오,남,기혼,전문대졸
4000,생산직 반장급,예,남,기혼,전문대졸
3000,사원급,아니오,남,미혼,공고졸
3100,사원급,아니오,남,미혼,전문대졸
NA,사원급,아니오,남,미혼,인문고졸
NA,사원급,아니오,남,미혼,인문고졸
2800,사원급,아니오,남,미혼,인문고졸
5595,차장급,아니오,남,기혼,4년제졸
4590,과장급,아니오,여,기혼,4년제졸
3976,사원급,아니오,남,미혼,4년제졸
4634,대리급,아니오,남,기혼,전문대졸
4805,대리급,아니오,남,기혼,4년제졸
5042,대리급,아니오,남,기혼,4년제졸
3196,사원급,아니오,여,미혼,4년제졸
5400,차장급,아니오,남,기혼,4년제졸
5300,차장급,아니오,남,미혼,4년제졸
4350,대리급,아니오,남,기혼,4년제졸
4700,과장급,아니오,남,기혼,4년제졸
3600,대리급,아니오,남,미혼,4년제졸
4400,대리급,아니오,여,기혼,4년제졸
4300,대리급,아니오,남,미혼,4년제졸
6000,과장급,아니오,남,미혼,4년제졸
4000,대리급,아니오,여,기혼,4년제졸
4500,과장급,예,여,기혼,4년제졸
NA,사원급,아니오,남,미혼,4년제졸
4550,과장급,아니오,남,기혼,석사졸
6000,과장급,아니오,남,미혼,4년제졸
5600,과장급,아니오,남,기혼,4년제졸
5800,과장급,아니오,남,기혼,4년제졸
6500,차장급,아니오,남,기혼,4년제졸
4800,과장급,아니오,남,미혼,4년제졸
6000,차장급,아니오,남,기혼,4년제졸
5400,생산직 반장급,아니오,남,기혼,4년제졸
4500,대리급,아니오,남,미혼,공고졸
4400,주임/계장,아니오,남,기혼,인문고졸
3500,사원급,아니오,남,미혼,공고졸
5100,대리급,아니오,남,기혼,기타 실업고졸
3800,주임/계장,아니오,남,기혼,기타 실업고졸
5000,과장급,아니오,남,기혼,인문고졸
3500,사원급,아니오,남,미혼,전문대졸
5400,대리급,아니오,남,기혼,공고졸
8000,생산직 반장급,아니오,남,기혼,4년제졸
NA,대리급,아니오,남,기혼,기타 실업고졸
3700,사원급,아니오,남,미혼,인문고졸
NA,주임/계장,아니오,남,미혼,전문대졸
3800,사원급,아니오,남,기혼,4년제졸
NA,주임/계장,아니오,남,기혼,기타 실업고졸
5000,주임/계장,아니오,남,기혼,인문고졸
7300,대리급,아니오,남,기혼,기타 실업고졸
7500,대리급,아니오,남,기혼,공고졸
4100,생산직 반장급,아니오,남,기혼,인문고졸
3900,대리급,아니오,남,기혼,공고졸
4000,대리급,아니오,남,기혼,공고졸
3900,생산직 반장급,아니오,남,기혼,공고졸
5200,대리급,아니오,남,기혼,공고졸
4000,생산직 반장급,아니오,남,기혼,공고졸
3800,생산직 반장급,아니오,남,기혼,공고졸
3600,생산직 반장급,아니오,남,기혼,공고졸
8500,부장급,아니오,남,기혼,4년제졸
10658,부장급,아니오,남,기혼,4년제졸
5000,차장급,아니오,남,기혼,4년제졸
2400,사원급,예,남,미혼,4년제졸
NA,과장급,아니오,남,기혼,4년제졸
2200,사원급,예,남,미혼,4년제졸
4000,과장급,아니오,여,기혼,4년제졸
NA,대리급,아니오,남,기혼,석사졸
3200,과장급,아니오,여,기혼,4년제졸
7000,부장급,아니오,남,기혼,4년제졸
NA,과장급,아니오,남,기혼,4년제졸
4900,부장급,아니오,남,기혼,4년제졸
3000,과장급,아니오,남,기혼,4년제졸
NA,사원급,아니오,여,미혼,4년제졸
2100,사원급,아니오,여,미혼,전문대졸
4305,차장급,아니오,남,기혼,석사졸
2800,대리급,아니오,여,미혼,전문대졸
2800,대리급,아니오,여,기혼,4년제졸
4000,부장급,아니오,여,기혼,4년제졸
4000,차장급,아니오,남,기혼,4년제졸
NA,차장급,예,여,기혼,4년제졸
2900,대리급,아니오,남,기혼,석사졸
NA,차장급,아니오,여,미혼,석사졸
4200,과장급,예,남,기혼,4년제졸
6000,부장급,아니오,남,기혼,석사졸
NA,사원급,예,남,미혼,4년제졸
NA,사원급,아니오,남,미혼,4년제졸
NA,과장급,아니오,여,기혼,4년제졸
4500,과장급,예,남,미혼,석사졸
NA,대리급,아니오,여,미혼,4년제졸
NA,사원급,아니오,여,미혼,4년제졸
3700,과장급,예,남,미혼,석사졸
6000,임원급,예,남,기혼,4년제졸
5500,임원급,아니오,남,기혼,4년제졸
3000,사원급,아니오,여,미혼,전문대졸
NA,임원급,예,남,기혼,4년제졸
6400,임원급,예,남,기혼,4년제졸
5600,임원급,예,남,기혼,4년제졸
6000,임원급,예,남,기혼,4년제졸
5600,임원급,예,남,기혼,4년제졸
5200,부장급,예,여,기혼,석사졸
6000,임원급,예,남,기혼,전문대졸
NA,부장급,아니오,남,기혼,4년제졸
NA,차장급,예,남,기혼,4년제졸
NA,대리급,예,남,미혼,4년제졸
NA,사원급,아니오,남,미혼,4년제졸
NA,주임/계장,아니오,남,기혼,4년제졸
5000,과장급,아니오,남,기혼,4년제졸
5000,대리급,아니오,남,기혼,4년제졸
NA,사원급,아니오,여,미혼,4년제졸
8400,부장급,아니오,남,기혼,4년제졸
7000,차장급,예,남,기혼,4년제졸
5880,과장급,아니오,남,기혼,4년제졸
4200,대리급,아니오,남,미혼,4년제졸
5300,대리급,예,남,미혼,4년제졸
5932,과장급,아니오,남,기혼,4년제졸
7500,임원급,예,여,기혼,기타 실업고졸
5000,차장급,예,남,미혼,4년제졸
NA,주임/계장,예,남,기혼,4년제졸
NA,주임/계장,예,남,기혼,전문대졸
NA,대리급,아니오,여,미혼,기타 실업고졸
3800,과장급,예,남,기혼,전문대졸
2800,주임/계장,아니오,남,기혼,전문대졸
NA,사원급,예,남,미혼,4년제졸
2400,사원급,예,남,미혼,전문대졸
3100,주임/계장,아니오,남,기혼,4년제졸
2700,사원급,아니오,남,미혼,전문대졸
NA,주임/계장,예,남,기혼,전문대졸
2800,주임/계장,예,남,기혼,4년제졸
NA,사원급,아니오,남,미혼,전문대졸
2400,사원급,예,남,미혼,4년제졸
NA,사원급,아니오,남,미혼,전문대졸
2800,주임/계장,예,남,미혼,전문대졸
2500,사원급,예,남,기혼,4년제졸
NA,사원급,아니오,남,미혼,4년제졸
NA,대리급,아니오,남,미혼,4년제졸
5000,차장급,예,남,기혼,전문대졸
2300,주임/계장,아니오,남,미혼,인문고졸
2400,사원급,아니오,여,미혼,기타 실업고졸
NA,대리급,아니오,남,기혼,4년제졸
4500,차장급,예,남,기혼,공고졸
3400,대리급,아니오,남,기혼,4년제졸
3000,주임/계장,아니오,남,기혼,4년제졸
2500,사원급,아니오,남,미혼,인문고졸
3000,대리급,예,남,미혼,전문대졸
7000,임원급,예,남,기혼,전문대졸
NA,사원급,아니오,남,미혼,공고졸
NA,사원급,아니오,남,미혼,전문대졸
4000,과장급,예,남,기혼,4년제졸
3000,대리급,예,남,기혼,전문대졸
3200,대리급,아니오,남,미혼,공고졸
2400,주임/계장,예,남,미혼,공고졸
NA,과장급,아니오,남,미혼,공고졸
5000,차장급,예,남,이혼,인문고졸
2100,사원급,아니오,남,기혼,전문대졸
NA,사원급,예,여,미혼,전문대졸
3000,주임/계장,아니오,남,미혼,전문대졸
NA,사원급,예,남,미혼,전문대졸
3000,주임/계장,예,남,기혼,인문고졸
2900,사원급,예,남,미혼,전문대졸
NA,사원급,예,남,미혼,전문대졸
3500,대리급,예,남,미혼,전문대졸
1680,사원급,아니오,여,미혼,기타 실업고졸
4500,차장급,아니오,남,기혼,4년제졸
3300,대리급,아니오,남,기혼,4년제졸
NA,차장급,예,남,기혼,4년제졸
3400,주임/계장,아니오,남,기혼,4년제졸
NA,대리급,예,남,기혼,4년제졸
3100,주임/계장,예,남,미혼,4년제졸
3125,주임/계장,예,여,미혼,4년제졸
4300,과장급,예,남,기혼,전문대졸
3400,주임/계장,아니오,남,기혼,4년제졸
3400,주임/계장,아니오,남,기혼,4년제졸
2700,사원급,예,남,미혼,4년제졸
3824,과장급,아니오,여,미혼,기타 실업고졸
NA,주임/계장,아니오,남,미혼,4년제졸
8000,생산직 반장급,예,남,기혼,인문고졸
5500,사원급,예,남,기혼,전문대졸
6200,사원급,예,남,기혼,기타 실업고졸
6000,생산직 반장급,아니오,남,기혼,인문고졸
4000,사원급,예,남,기혼,기타 실업고졸
3400,생산직 반장급,아니오,남,이혼,인문고졸
NA,사원급,아니오,남,미혼,4년제졸
4800,사원급,아니오,남,기혼,전문대졸
5400,사원급,아니오,남,미혼,공고졸
4000,사원급,아니오,남,미혼,공고졸
NA,생산직 반장급,아니오,남,기혼,인문고졸
5700,사원급,아니오,남,기혼,공고졸
6100,생산직 반장급,예,남,기혼,전문대졸
4000,사원급,아니오,남,미혼,공고졸
NA,차장급,아니오,남,기혼,4년제졸
3800,과장급,아니오,남,기혼,석사졸
2400,사원급,아니오,남,미혼,4년제졸
3200,주임/계장,아니오,남,기혼,4년제졸
5200,차장급,아니오,남,기혼,4년제졸
NA,과장급,아니오,남,기혼,석사졸
4000,과장급,아니오,남,기혼,4년제졸
3120,대리급,아니오,남,기혼,4년제졸
4000,과장급,아니오,남,기혼,4년제졸
NA,사원급,예,여,미혼,4년제졸
2640,대리급,예,남,미혼,4년제졸
5400,차장급,예,남,기혼,4년제졸
4300,생산직 반장급,아니오,남,기혼,전문대졸
4200,생산직 반장급,아니오,남,기혼,기타 실업고졸
1800,사원급,아니오,남,기혼,기타 실업고졸
NA,생산직 반장급,아니오,남,기혼,기타 실업고졸
4500,사원급,아니오,남,기혼,공고졸
5000,생산직 반장급,예,남,기혼,공고졸
4500,생산직 반장급,아니오,남,기혼,공고졸
3000,사원급,예,남,기혼,전문대졸
4200,생산직 반장급,아니오,남,기혼,공고졸
3240,사원급,아니오,남,기혼,기타 실업고졸
3200,사원급,아니오,남,미혼,기타 실업고졸
6000,과장급,아니오,남,기혼,4년제졸
4000,주임/계장,아니오,여,미혼,4년제졸
8000,과장급,아니오,남,기혼,4년제졸
4280,대리급,아니오,남,기혼,4년제졸
7900,차장급,아니오,남,기혼,4년제졸
4300,대리급,아니오,남,미혼,4년제졸
4300,주임/계장,아니오,여,미혼,전문대졸
9427,부장급,아니오,남,기혼,4년제졸
4300,주임/계장,아니오,여,미혼,전문대졸
NA,사원급,아니오,여,미혼,기타 실업고졸
4300,주임/계장,아니오,남,미혼,4년제졸
4300,주임/계장,예,남,미혼,4년제졸
9427,부장급,예,남,기혼,석사졸
7906,부장급,예,남,기혼,4년제졸
NA,대리급,예,여,기혼,전문대졸
NA,차장급,아니오,남,기혼,4년제졸
NA,사원급,예,여,미혼,기타 실업고졸
NA,주임/계장,아니오,여,미혼,전문대졸
NA,차장급,예,남,기혼,4년제졸
4900,주임/계장,예,여,기혼,기타 실업고졸
4600,주임/계장,아니오,여,미혼,전문대졸
8000,과장급,예,남,기혼,4년제졸
1800,사원급,아니오,여,미혼,기타 실업고졸
3800,사원급,예,여,미혼,기타 실업고졸
7700,차장급,예,남,기혼,4년제졸
8000,과장급,예,남,미혼,4년제졸
NA,주임/계장,예,여,미혼,전문대졸
NA,대리급,예,여,미혼,4년제졸
NA,대리급,예,남,기혼,4년제졸
8000,대리급,예,남,기혼,4년제졸
4000,사원급,예,여,미혼,기타 실업고졸
NA,주임/계장,예,여,미혼,전문대졸
NA,차장급,아니오,남,미혼,석사졸
5600,주임/계장,예,여,미혼,기타 실업고졸
6000,과장급,예,남,기혼,4년제졸
4000,주임/계장,예,여,미혼,전문대졸
NA,대리급,아니오,여,기혼,4년제졸
5200,주임/계장,예,여,기혼,전문대졸
7000,과장급,아니오,남,기혼,4년제졸
4400,차장급,아니오,남,기혼,전문대졸
2900,주임/계장,아니오,남,미혼,4년제졸
NA,사원급,아니오,여,미혼,4년제졸
3500,주임/계장,아니오,남,기혼,전문대졸
3200,주임/계장,아니오,남,기혼,4년제졸
3000,차장급,아니오,남,기혼,4년제졸
NA,생산직 반장급,예,남,기혼,공고졸
NA,생산직 반장급,예,남,기혼,4년제졸
7000,생산직 반장급,아니오,남,기혼,인문고졸
5000,사원급,아니오,남,기혼,4년제졸
4800,차장급,아니오,여,기혼,전문대졸
4000,과장급,예,남,기혼,4년제졸
6300,임원급,아니오,남,기혼,전문대졸
2491,주임/계장,예,여,기혼,4년제졸
4599,차장급,예,남,기혼,4년제졸
1500,사원급,아니오,여,기혼,전문대졸
NA,대리급,아니오,남,기혼,4년제졸
4200,차장급,아니오,남,기혼,4년제졸
4900,차장급,예,여,기혼,전문대졸
6700,부장급,아니오,남,기혼,4년제졸
NA,과장급,아니오,남,기혼,석사졸
4500,과장급,아니오,남,기혼,4년제졸
6100,임원급,아니오,남,기혼,4년제졸
NA,주임/계장,예,남,기혼,4년제졸
NA,과장급,예,남,기혼,4년제졸
5100,부장급,아니오,남,미혼,4년제졸
6280,차장급,예,남,기혼,석사졸
NA,차장급,예,남,미혼,전문대졸
3300,과장급,예,남,기혼,4년제졸
NA,사원급,아니오,남,미혼,4년제졸
3500,대리급,예,여,미혼,석사졸
4000,차장급,예,남,기혼,4년제졸
4200,차장급,예,남,기혼,4년제졸
4100,과장급,아니오,남,기혼,4년제졸
3200,대리급,아니오,남,미혼,4년제졸
NA,사원급,아니오,여,미혼,4년제졸
3500,대리급,아니오,남,기혼,4년제졸
NA,사원급,아니오,남,미혼,4년제졸
2900,사원급,아니오,여,미혼,4년제졸
NA,사원급,아니오,남,미혼,4년제졸
NA,임원급,예,남,기혼,4년제졸
NA,과장급,예,남,기혼,4년제졸
NA,차장급,아니오,남,미혼,석사졸
NA,부장급,아니오,남,기혼,박사졸
4100,과장급,아니오,남,기혼,석사졸
NA,차장급,예,남,기혼,석사졸
2934,주임/계장,예,남,기혼,4년제졸
NA,사원급,아니오,여,미혼,전문대졸
3100,대리급,아니오,여,기혼,4년제졸
NA,과장급,아니오,남,기혼,석사졸
6000,부장급,예,남,기혼,4년제졸
3760,대리급,예,남,미혼,4년제졸
5200,차장급,아니오,남,미혼,4년제졸
5200,차장급,아니오,남,기혼,4년제졸
3500,대리급,아니오,남,기혼,4년제졸
NA,대리급,아니오,남,기혼,4년제졸
5300,차장급,예,남,기혼,전문대졸
3700,대리급,예,남,기혼,전문대졸
5100,차장급,아니오,남,기혼,4년제졸
5000,부장급,아니오,남,기혼,전문대졸
NA,부장급,아니오,남,기혼,4년제졸
NA,차장급,예,남,기혼,전문대졸
4000,대리급,아니오,남,기혼,4년제졸
NA,차장급,아니오,남,기혼,석사졸
NA,차장급,아니오,남,미혼,전문대졸
NA,사원급,아니오,남,미혼,4년제졸
4200,대리급,아니오,남,기혼,4년제졸
NA,과장급,아니오,남,기혼,전문대졸
5500,차장급,예,남,미혼,공고졸
3800,대리급,아니오,남,기혼,전문대졸
4500,과장급,아니오,남,기혼,인문고졸
3400,대리급,아니오,남,기혼,전문대졸
7500,부장급,예,남,기혼,석사졸
NA,과장급,아니오,남,기혼,전문대졸
NA,과장급,아니오,남,기혼,전문대졸
NA,차장급,아니오,남,기혼,4년제졸
5500,차장급,아니오,남,기혼,석사졸
5200,차장급,아니오,남,기혼,기타 실업고졸
4500,과장급,아니오,남,기혼,4년제졸
4300,주임/계장,아니오,남,기혼,전문대졸
5600,부장급,아니오,남,기혼,전문대졸
5000,차장급,아니오,남,기혼,4년제졸
NA,대리급,아니오,남,기혼,4년제졸
4800,차장급,아니오,남,기혼,4년제졸
4200,대리급,아니오,남,기혼,4년제졸
7300,부장급,아니오,여,기혼,석사졸
5900,과장급,아니오,남,미혼,석사졸
4800,대리급,아니오,여,기혼,4년제졸
6500,차장급,아니오,남,기혼,석사졸
6000,과장급,예,남,기혼,4년제졸
4500,과장급,아니오,남,기혼,4년제졸
5600,과장급,아니오,여,미혼,4년제졸
10000,부장급,아니오,남,기혼,4년제졸
4200,사원급,예,남,미혼,4년제졸
4592,대리급,아니오,남,미혼,4년제졸
4234,사원급,예,남,미혼,4년제졸
NA,부장급,아니오,남,기혼,4년제졸
8000,생산직 반장급,아니오,남,기혼,공고졸
9000,사원급,아니오,남,기혼,공고졸
8000,사원급,예,남,기혼,인문고졸
8000,주임/계장,아니오,남,기혼,중졸이하
8000,생산직 반장급,예,남,기혼,인문고졸
5500,사원급,아니오,남,미혼,전문대졸
7500,사원급,아니오,남,기혼,기타 실업고졸
9600,사원급,예,남,기혼,기타 실업고졸
6000,주임/계장,아니오,남,기혼,공고졸
4300,사원급,아니오,남,기혼,전문대졸
4800,사원급,아니오,남,미혼,전문대졸
6800,주임/계장,아니오,남,기혼,공고졸
4000,사원급,아니오,남,기혼,전문대졸
4900,사원급,아니오,남,기혼,전문대졸
6000,과장급,예,남,기혼,전문대졸
NA,생산직 반장급,예,남,미혼,기타 실업고졸
NA,생산직 반장급,아니오,남,기혼,공고졸
8000,생산직 반장급,예,남,기혼,기타 실업고졸
9000,사원급,예,남,기혼,공고졸
NA,생산직 반장급,아니오,남,기혼,공고졸
7500,생산직 반장급,아니오,남,기혼,인문고졸
10000,사원급,예,남,기혼,공고졸
9800,부장급,아니오,남,기혼,박사졸
NA,사원급,예,남,미혼,4년제졸
4900,대리급,아니오,여,미혼,석사졸
4100,과장급,예,여,기혼,석사졸
9500,부장급,아니오,남,기혼,석사졸
6100,과장급,아니오,여,기혼,박사졸
4900,대리급,아니오,남,미혼,석사졸
4700,대리급,아니오,여,미혼,석사졸
NA,부장급,아니오,남,기혼,석사졸
NA,부장급,아니오,남,기혼,4년제졸
NA,과장급,아니오,남,기혼,전문대졸
5400,차장급,아니오,남,기혼,4년제졸
3800,대리급,아니오,여,미혼,기타 실업고졸
1980,사원급,예,여,미혼,공고졸
4800,과장급,아니오,남,기혼,전문대졸
3800,주임/계장,아니오,남,기혼,4년제졸
4000,대리급,아니오,남,기혼,4년제졸
3200,대리급,아니오,남,기혼,4년제졸
4500,과장급,아니오,남,기혼,전문대졸
NA,과장급,아니오,남,기혼,4년제졸
3950,대리급,아니오,남,기혼,4년제졸
NA,사원급,아니오,여,미혼,4년제졸
4961,차장급,아니오,남,기혼,전문대졸
3300,주임/계장,예,여,미혼,공고졸
2520,사원급,예,여,미혼,전문대졸
NA,사원급,아니오,남,미혼,4년제졸
5380,과장급,아니오,남,기혼,전문대졸
NA,사원급,아니오,남,미혼,전문대졸
NA,사원급,아니오,여,미혼,전문대졸
NA,사원급,아니오,남,미혼,4년제졸
4500,과장급,아니오,남,기혼,4년제졸
1500,생산직 반장급,아니오,여,기혼,기타 실업고졸
NA,사원급,아니오,여,기혼,인문고졸
NA,사원급,아니오,여,기혼,기타 실업고졸
NA,사원급,아니오,여,기혼,인문고졸
NA,사원급,아니오,남,미혼,공고졸
NA,사원급,아니오,여,기혼,공고졸
NA,생산직 반장급,아니오,여,기혼,공고졸
NA,사원급,아니오,남,미혼,4년제졸
1700,사원급,아니오,여,기혼,중졸이하
1500,생산직 반장급,아니오,여,기혼,인문고졸
1350,생산직 반장급,아니오,여,기혼,인문고졸
3000,사원급,아니오,여,기혼,인문고졸
3000,사원급,아니오,여,미혼,기타 실업고졸
2520,사원급,아니오,여,기혼,4년제졸
3000,사원급,아니오,여,기혼,기타 실업고졸
3000,사원급,아니오,여,기혼,인문고졸
3000,사원급,아니오,여,기혼,기타 실업고졸
2800,사원급,아니오,여,기혼,기타 실업고졸
2200,사원급,아니오,여,기혼,기타 실업고졸
2200,사원급,아니오,여,기혼,4년제졸
2200,사원급,아니오,여,기혼,기타 실업고졸
2200,사원급,아니오,여,기혼,기타 실업고졸
5500,과장급,아니오,남,기혼,4년제졸
NA,사원급,아니오,남,미혼,4년제졸
NA,사원급,아니오,남,미혼,4년제졸
3900,대리급,아니오,여,미혼,4년제졸
4600,과장급,아니오,남,기혼,4년제졸
3500,사원급,아니오,여,미혼,4년제졸
9000,부장급,아니오,남,기혼,4년제졸
NA,부장급,아니오,남,기혼,4년제졸
5000,과장급,예,남,기혼,석사졸
NA,과장급,예,남,기혼,4년제졸
NA,과장급,예,남,미혼,4년제졸
NA,사원급,예,여,미혼,4년제졸
NA,사원급,아니오,남,미혼,석사졸
4136,사원급,예,남,미혼,4년제졸
3678,사원급,아니오,남,미혼,4년제졸
5000,과장급,예,남,기혼,4년제졸
8500,부장급,아니오,남,기혼,4년제졸
NA,대리급,예,여,미혼,4년제졸
3500,대리급,예,여,기혼,4년제졸
NA,대리급,예,남,미혼,4년제졸
NA,과장급,예,여,기혼,4년제졸
NA,대리급,예,여,미혼,4년제졸
NA,과장급,예,남,기혼,4년제졸
NA,대리급,아니오,여,미혼,4년제졸
3800,대리급,아니오,남,미혼,4년제졸
6435,차장급,아니오,남,기혼,4년제졸
NA,부장급,아니오,남,기혼,전문대졸
7056,부장급,아니오,남,기혼,4년제졸
NA,과장급,예,남,미혼,전문대졸
5000,과장급,아니오,남,기혼,4년제졸
5700,과장급,아니오,남,미혼,4년제졸
NA,대리급,아니오,남,기혼,전문대졸
NA,차장급,아니오,남,기혼,전문대졸
2000,주임/계장,아니오,남,기혼,공고졸
2000,사원급,아니오,여,기혼,인문고졸
NA,사원급,아니오,여,기혼,기타 실업고졸
2000,사원급,아니오,남,미혼,기타 실업고졸
NA,사원급,아니오,여,기혼,인문고졸
2200,사원급,아니오,여,기혼,공고졸
NA,사원급,아니오,여,기혼,공고졸
2200,사원급,아니오,여,기혼,공고졸
NA,주임/계장,아니오,남,기혼,중졸이하
2400,사원급,아니오,여,기혼,인문고졸
2400,사원급,아니오,여,기혼,인문고졸
NA,사원급,아니오,남,기혼,4년제졸
4000,생산직 반장급,아니오,남,기혼,4년제졸
NA,사원급,아니오,남,기혼,인문고졸
4800,과장급,아니오,남,기혼,4년제졸
8000,차장급,예,남,기혼,석사졸
6000,대리급,예,남,기혼,4년제졸
5500,대리급,아니오,남,기혼,4년제졸
6000,대리급,예,여,기혼,4년제졸
6500,차장급,예,여,기혼,석사졸
7200,과장급,아니오,여,미혼,4년제졸
NA,차장급,예,여,기혼,4년제졸
5500,대리급,아니오,남,미혼,4년제졸
6500,차장급,예,남,기혼,4년제졸
4500,사원급,예,남,기혼,4년제졸
5000,대리급,예,남,기혼,4년제졸
6000,과장급,예,남,미혼,4년제졸
5400,과장급,예,남,기혼,석사졸
NA,과장급,아니오,남,기혼,4년제졸
6500,과장급,예,남,기혼,4년제졸
6000,과장급,예,남,기혼,4년제졸
4600,대리급,예,여,미혼,4년제졸
12000,부장급,아니오,남,기혼,4년제졸
NA,사원급,아니오,여,미혼,4년제졸
NA,대리급,아니오,여,미혼,전문대졸
NA,사원급,아니오,여,미혼,기타 실업고졸
NA,과장급,아니오,남,기혼,4년제졸
6000,과장급,아니오,남,미혼,4년제졸
10000,부장급,예,남,기혼,4년제졸
13000,임원급,예,남,기혼,4년제졸
NA,사원급,예,남,미혼,4년제졸
3200,대리급,예,여,기혼,4년제졸
NA,사원급,예,여,미혼,4년제졸
NA,부장급,예,남,기혼,4년제졸
5500,대리급,예,여,기혼,4년제졸
5500,대리급,예,남,기혼,4년제졸
NA,과장급,예,남,기혼,4년제졸
11403,임원급,예,남,기혼,4년제졸
8000,부장급,예,남,기혼,4년제졸
3300,대리급,예,여,기혼,4년제졸
11000,부장급,예,남,기혼,석사졸
7800,부장급,예,여,기혼,전문대졸
4300,대리급,예,여,기혼,인문고졸
4000,대리급,예,여,기혼,전문대졸
NA,사원급,예,여,기혼,4년제졸
10000,임원급,예,남,기혼,4년제졸
4600,주임/계장,예,남,기혼,4년제졸
8000,차장급,아니오,남,기혼,4년제졸
8500,차장급,예,남,기혼,4년제졸
NA,사원급,아니오,여,미혼,4년제졸
NA,대리급,예,여,기혼,전문대졸
7000,대리급,예,남,미혼,4년제졸
7000,과장급,예,남,기혼,4년제졸
5000,대리급,예,남,기혼,4년제졸
10000,임원급,예,남,기혼,4년제졸
5000,차장급,예,여,기혼,전문대졸
6500,과장급,예,남,미혼,4년제졸
4600,대리급,예,여,기혼,전문대졸
3267,사원급,예,여,기혼,4년제졸
NA,사원급,예,여,미혼,4년제졸
4000,대리급,예,여,기혼,4년제졸
3300,사원급,예,여,NA,NA
4800,과장급,아니오,남,기혼,4년제졸
3000,주임/계장,아니오,남,미혼,4년제졸
3000,주임/계장,아니오,남,기혼,4년제졸
4600,과장급,아니오,남,기혼,4년제졸
5000,부장급,아니오,남,기혼,4년제졸
NA,임원급,예,남,기혼,4년제졸
4800,생산직 반장급,아니오,남,기혼,전문대졸
4500,주임/계장,아니오,남,기혼,기타 실업고졸
3200,사원급,아니오,남,기혼,기타 실업고졸
4000,주임/계장,아니오,남,기혼,공고졸
4000,사원급,아니오,남,기혼,공고졸
3700,사원급,아니오,남,기혼,인문고졸
4700,주임/계장,아니오,남,기혼,인문고졸
4000,생산직 반장급,아니오,남,기혼,공고졸
2500,사원급,아니오,남,미혼,공고졸
2640,사원급,아니오,남,미혼,기타 실업고졸
2600,사원급,아니오,남,미혼,공고졸
3600,주임/계장,아니오,남,미혼,공고졸
2800,주임/계장,아니오,남,기혼,공고졸
7000,부장급,아니오,남,기혼,석사졸
4200,과장급,예,남,기혼,전문대졸
3100,사원급,아니오,남,미혼,4년제졸
NA,사원급,아니오,남,미혼,4년제졸
3700,대리급,예,남,미혼,4년제졸
NA,사원급,예,남,미혼,4년제졸
NA,사원급,아니오,남,미혼,전문대졸
5000,차장급,아니오,남,기혼,4년제졸
6000,차장급,예,남,기혼,석사졸
4200,과장급,아니오,남,기혼,전문대졸
4000,과장급,아니오,여,기혼,4년제졸
4900,과장급,아니오,여,미혼,4년제졸
3120,주임/계장,아니오,남,기혼,4년제졸
3800,대리급,예,여,기혼,전문대졸
5000,과장급,아니오,여,미혼,전문대졸
5400,차장급,아니오,남,기혼,4년제졸
NA,과장급,아니오,남,기혼,전문대졸
NA,부장급,아니오,남,기혼,4년제졸
NA,대리급,아니오,여,기혼,전문대졸
NA,과장급,아니오,남,기혼,4년제졸
NA,차장급,예,남,미혼,4년제졸
6500,부장급,아니오,남,기혼,전문대졸
4500,과장급,아니오,남,기혼,전문대졸
1800,사원급,아니오,남,기혼,인문고졸
1800,사원급,아니오,여,기혼,전문대졸
2000,사원급,아니오,여,미혼,기타 실업고졸
1500,사원급,아니오,여,기혼,인문고졸
2000,사원급,아니오,여,기혼,인문고졸
1350,사원급,아니오,여,기혼,인문고졸
1500,사원급,아니오,여,기혼,인문고졸
1500,사원급,아니오,여,기혼,기타 실업고졸
4800,과장급,아니오,남,기혼,전문대졸
2700,사원급,아니오,여,기혼,기타 실업고졸
2700,사원급,아니오,여,기혼,기타 실업고졸
2000,사원급,아니오,여,기혼,인문고졸
2700,사원급,아니오,여,기혼,인문고졸
2000,사원급,아니오,여,기혼,전문대졸
5000,과장급,아니오,남,기혼,전문대졸
2200,사원급,아니오,여,기혼,인문고졸
2000,사원급,아니오,여,기혼,기타 실업고졸
2500,사원급,아니오,여,기혼,기타 실업고졸
2400,사원급,아니오,여,기혼,인문고졸
2500,사원급,아니오,여,기혼,인문고졸
NA,차장급,아니오,남,기혼,석사졸
7577,부장급,아니오,남,기혼,4년제졸
4600,과장급,예,여,기혼,전문대졸
3600,대리급,아니오,남,기혼,전문대졸
NA,대리급,아니오,여,미혼,전문대졸
NA,사원급,아니오,여,미혼,4년제졸
NA,사원급,아니오,남,미혼,4년제졸
10000,부장급,아니오,남,기혼,4년제졸
8000,차장급,아니오,남,기혼,4년제졸
NA,차장급,아니오,여,기혼,전문대졸
8000,부장급,아니오,남,기혼,4년제졸
10000,부장급,예,남,기혼,4년제졸
4500,주임/계장,아니오,남,미혼,4년제졸
NA,부장급,아니오,남,기혼,전문대졸
6000,차장급,아니오,남,기혼,4년제졸
NA,부장급,아니오,여,기혼,석사졸
7700,차장급,아니오,남,기혼,4년제졸
NA,주임/계장,아니오,여,미혼,인문고졸
4800,주임/계장,아니오,여,미혼,4년제졸
NA,과장급,아니오,여,미혼,4년제졸
NA,주임/계장,아니오,여,미혼,4년제졸
15000,부장급,아니오,남,기혼,4년제졸
NA,부장급,아니오,여,기혼,4년제졸
2400,사원급,아니오,여,미혼,4년제졸
4400,주임/계장,아니오,여,미혼,4년제졸
5600,주임/계장,아니오,남,기혼,4년제졸
6300,과장급,아니오,여,기혼,4년제졸
NA,과장급,아니오,여,미혼,4년제졸
NA,부장급,아니오,남,기혼,4년제졸
NA,부장급,아니오,남,기혼,4년제졸
10000,부장급,예,남,기혼,석사졸
NA,과장급,예,남,기혼,4년제졸
NA,주임/계장,아니오,여,미혼,4년제졸
8800,차장급,예,남,기혼,4년제졸
7000,과장급,아니오,여,기혼,4년제졸
NA,과장급,예,여,기혼,4년제졸
5800,주임/계장,예,남,기혼,4년제졸
7000,임원급,아니오,남,기혼,4년제졸
4000,사원급,예,남,기혼,4년제졸
NA,사원급,아니오,남,기혼,4년제졸
7500,차장급,예,남,기혼,4년제졸
4800,사원급,아니오,남,기혼,석사졸
NA,사원급,아니오,남,기혼,4년제졸
2400,사원급,예,남,기혼,4년제졸
5000,사원급,아니오,남,기혼,4년제졸
8000,사원급,예,여,기혼,석사졸
15000,부장급,예,남,기혼,4년제졸
3000,과장급,아니오,남,기혼,4년제졸
NA,사원급,예,남,미혼,4년제졸
5000,사원급,예,여,기혼,4년제졸
1500,사원급,예,여,기혼,4년제졸
5000,사원급,예,여,기혼,전문대졸
3000,사원급,예,여,기혼,4년제졸
2000,사원급,아니오,남,이혼,4년제졸
1500,사원급,아니오,남,미혼,4년제졸
12000,부장급,예,남,기혼,4년제졸
NA,주임/계장,예,남,미혼,4년제졸
8000,사원급,아니오,남,기혼,4년제졸
3000,부장급,아니오,남,이혼,4년제졸
5000,사원급,예,여,미혼,전문대졸
5000,사원급,예,남,기혼,전문대졸
NA,사원급,예,남,기혼,4년제졸
NA,주임/계장,예,남,미혼,4년제졸
NA,사원급,아니오,남,미혼,4년제졸
4800,부장급,아니오,남,기혼,전문대졸
5000,부장급,아니오,남,기혼,4년제졸
2800,사원급,아니오,남,미혼,4년제졸
NA,대리급,아니오,남,미혼,4년제졸
4500,차장급,아니오,남,기혼,4년제졸
NA,사원급,아니오,여,미혼,4년제졸
NA,과장급,아니오,남,기혼,4년제졸
4800,부장급,예,남,기혼,공고졸
NA,사원급,예,여,미혼,4년제졸
NA,차장급,아니오,남,기혼,4년제졸
3800,과장급,예,남,미혼,4년제졸
3200,과장급,예,남,기혼,4년제졸
3250,대리급,예,남,기혼,4년제졸
4500,부장급,아니오,남,기혼,전문대졸
NA,과장급,아니오,남,기혼,전문대졸
3000,사원급,아니오,남,미혼,4년제졸
1800,사원급,아니오,여,기혼,인문고졸
1500,사원급,아니오,여,이혼,인문고졸
3800,차장급,아니오,남,기혼,전문대졸
NA,대리급,아니오,남,미혼,4년제졸
1800,사원급,아니오,여,기혼,기타 실업고졸
2000,사원급,아니오,남,미혼,인문고졸
2800,생산직 반장급,아니오,여,기혼,인문고졸
1800,사원급,아니오,여,기혼,기타 실업고졸
NA,사원급,아니오,남,미혼,전문대졸
1800,사원급,아니오,남,미혼,공고졸
6415,임원급,아니오,남,기혼,4년제졸
NA,사원급,예,여,미혼,4년제졸
5200,차장급,아니오,남,기혼,4년제졸
2630,사원급,아니오,여,미혼,전문대졸
2795,사원급,아니오,여,기혼,공고졸
2000,사원급,아니오,여,미혼,전문대졸
3900,대리급,예,남,기혼,4년제졸
1699,사원급,아니오,여,미혼,기타 실업고졸
3200,주임/계장,예,남,기혼,4년제졸
1841,사원급,아니오,여,기혼,인문고졸
4000,차장급,아니오,남,기혼,4년제졸
3900,과장급,아니오,남,기혼,4년제졸
4300,차장급,아니오,남,기혼,전문대졸
3600,주임/계장,아니오,남,기혼,전문대졸
NA,사원급,아니오,여,기혼,기타 실업고졸
4400,과장급,아니오,남,기혼,공고졸
4500,주임/계장,아니오,남,기혼,전문대졸
NA,사원급,아니오,여,이혼,인문고졸
NA,사원급,아니오,여,기혼,인문고졸
3000,생산직 반장급,아니오,남,기혼,공고졸
4000,주임/계장,아니오,남,기혼,공고졸
3266,사원급,아니오,여,기혼,공고졸
3000,사원급,아니오,여,기혼,인문고졸
3300,생산직 반장급,아니오,남,기혼,공고졸
3500,차장급,아니오,남,기혼,공고졸
1800,사원급,아니오,여,기혼,기타 실업고졸
NA,주임/계장,예,남,기혼,공고졸
4000,과장급,아니오,남,기혼,4년제졸
NA,주임/계장,아니오,남,기혼,4년제졸
1800,사원급,아니오,여,기혼,전문대졸
NA,주임/계장,아니오,남,미혼,전문대졸
4000,주임/계장,아니오,남,기혼,4년제졸
1600,사원급,예,여,기혼,인문고졸
2000,생산직 반장급,아니오,여,기혼,인문고졸
NA,사원급,아니오,여,미혼,전문대졸
3300,주임/계장,아니오,남,기혼,전문대졸
2000,주임/계장,아니오,여,기혼,인문고졸
2300,생산직 반장급,아니오,여,기혼,공고졸
4300,차장급,아니오,남,기혼,4년제졸
4000,주임/계장,아니오,남,기혼,인문고졸
1850,사원급,예,여,기혼,인문고졸
NA,차장급,예,남,기혼,4년제졸
8000,부장급,아니오,남,기혼,4년제졸
NA,대리급,아니오,여,미혼,4년제졸
6000,과장급,아니오,남,기혼,4년제졸
9200,차장급,아니오,여,기혼,4년제졸
NA,부장급,아니오,남,기혼,4년제졸
NA,대리급,예,여,미혼,4년제졸
NA,과장급,아니오,여,기혼,기타 실업고졸
NA,과장급,아니오,여,기혼,4년제졸
NA,임원급,아니오,남,기혼,4년제졸
2200,주임/계장,아니오,여,미혼,전문대졸
4100,차장급,예,남,기혼,전문대졸
3500,부장급,아니오,남,기혼,4년제졸
3450,부장급,예,남,기혼,전문대졸
NA,사원급,아니오,남,미혼,전문대졸
2100,사원급,아니오,여,미혼,전문대졸
5000,임원급,아니오,남,기혼,4년제졸
3000,차장급,예,남,미혼,전문대졸
3100,차장급,예,남,기혼,4년제졸
NA,주임/계장,예,남,미혼,4년제졸
NA,사원급,아니오,남,미혼,4년제졸
3800,임원급,아니오,남,기혼,석사졸
2300,주임/계장,아니오,남,미혼,4년제졸
2900,과장급,아니오,남,기혼,4년제졸
3500,부장급,아니오,남,기혼,인문고졸
3860,주임/계장,예,남,미혼,전문대졸
4780,대리급,예,남,기혼,전문대졸
7000,차장급,아니오,남,미혼,4년제졸
5700,과장급,아니오,남,기혼,4년제졸
4500,대리급,아니오,남,기혼,4년제졸
7400,부장급,아니오,남,기혼,4년제졸
4500,과장급,아니오,여,기혼,4년제졸
5200,차장급,아니오,남,기혼,4년제졸
3300,사원급,아니오,여,미혼,4년제졸
6500,부장급,아니오,남,기혼,4년제졸
3000,대리급,아니오,남,기혼,4년제졸
4200,대리급,아니오,남,미혼,4년제졸
5800,부장급,아니오,남,기혼,전문대졸
NA,대리급,예,남,기혼,4년제졸
NA,차장급,아니오,남,기혼,4년제졸
4500,과장급,아니오,남,기혼,전문대졸
6000,차장급,아니오,남,기혼,4년제졸
4800,부장급,아니오,여,기혼,4년제졸
2400,대리급,아니오,여,미혼,4년제졸
4000,차장급,아니오,남,기혼,전문대졸
10000,임원급,아니오,남,기혼,석사졸
NA,사원급,아니오,여,미혼,4년제졸
5400,차장급,예,남,기혼,4년제졸
3500,대리급,아니오,여,미혼,기타 실업고졸
3700,대리급,아니오,여,미혼,4년제졸
3700,차장급,아니오,여,기혼,4년제졸
4500,차장급,아니오,여,미혼,4년제졸
3600,차장급,아니오,여,미혼,4년제졸
NA,사원급,아니오,여,미혼,4년제졸
NA,부장급,아니오,남,기혼,4년제졸
3200,사원급,아니오,여,미혼,4년제졸
3200,차장급,아니오,여,미혼,전문대졸
4000,부장급,아니오,남,기혼,4년제졸
NA,부장급,아니오,남,기혼,석사졸
3600,차장급,아니오,여,미혼,4년제졸
NA,대리급,아니오,남,미혼,4년제졸
2700,사원급,아니오,여,미혼,4년제졸
4170,차장급,아니오,남,미혼,4년제졸
3300,대리급,아니오,남,미혼,4년제졸
3200,대리급,아니오,남,기혼,4년제졸
4700,과장급,예,남,기혼,4년제졸
NA,사원급,아니오,남,미혼,4년제졸
2600,사원급,아니오,여,미혼,전문대졸
2900,대리급,예,남,기혼,4년제졸
5600,부장급,아니오,남,기혼,4년제졸
3000,대리급,예,남,미혼,4년제졸
NA,사원급,아니오,남,미혼,4년제졸
5400,부장급,아니오,여,미혼,4년제졸
4000,과장급,아니오,남,기혼,전문대졸
2400,사원급,아니오,여,미혼,전문대졸
5200,부장급,아니오,남,기혼,석사졸
3460,대리급,예,남,기혼,4년제졸
4000,과장급,아니오,남,기혼,전문대졸
3400,과장급,아니오,남,기혼,4년제졸
3350,대리급,아니오,여,미혼,석사졸
3500,차장급,아니오,남,기혼,전문대졸
3200,대리급,예,남,기혼,석사졸
3000,대리급,아니오,남,미혼,전문대졸
4150,차장급,아니오,남,기혼,4년제졸
6000,임원급,아니오,남,기혼,전문대졸
3400,과장급,아니오,남,미혼,전문대졸
NA,사원급,아니오,남,미혼,인문고졸
3800,차장급,아니오,남,기혼,공고졸
NA,생산직 반장급,아니오,남,미혼,기타 실업고졸
NA,사원급,아니오,여,미혼,전문대졸
4800,차장급,아니오,남,기혼,4년제졸
2800,주임/계장,아니오,여,미혼,공고졸
1500,사원급,예,남,미혼,공고졸
3500,생산직 반장급,아니오,남,기혼,인문고졸
2400,사원급,아니오,남,미혼,인문고졸
NA,생산직 반장급,아니오,남,기혼,공고졸
3000,사원급,아니오,남,기혼,인문고졸
NA,사원급,아니오,남,미혼,인문고졸
8370,부장급,아니오,남,기혼,석사졸
6800,부장급,아니오,남,기혼,4년제졸
4600,과장급,아니오,남,기혼,4년제졸
4500,과장급,아니오,남,미혼,4년제졸
NA,차장급,아니오,남,기혼,4년제졸
NA,사원급,아니오,남,미혼,인문고졸
NA,사원급,아니오,남,미혼,4년제졸
NA,차장급,아니오,남,기혼,4년제졸
NA,부장급,아니오,남,기혼,석사졸
6000,차장급,아니오,여,미혼,4년제졸
5800,과장급,아니오,남,미혼,4년제졸
4000,주임/계장,아니오,여,미혼,4년제졸
7000,차장급,예,남,기혼,4년제졸
NA,사원급,예,남,미혼,4년제졸
4000,과장급,예,남,기혼,석사졸
4500,과장급,예,남,기혼,4년제졸
4000,대리급,예,남,미혼,4년제졸
NA,차장급,예,남,기혼,4년제졸
7300,부장급,아니오,남,기혼,4년제졸
3800,대리급,예,남,기혼,4년제졸
NA,사원급,아니오,여,기혼,전문대졸
NA,대리급,아니오,여,미혼,4년제졸
NA,사원급,예,남,미혼,4년제졸
2600,사원급,아니오,여,미혼,인문고졸
2700,사원급,아니오,여,기혼,전문대졸
3500,사원급,아니오,여,미혼,4년제졸
4000,대리급,아니오,남,기혼,4년제졸
7000,과장급,아니오,남,기혼,4년제졸
5378,과장급,아니오,남,기혼,박사졸
4800,과장급,아니오,남,기혼,4년제졸
3500,대리급,아니오,여,기혼,4년제졸
NA,사원급,아니오,남,기혼,4년제졸
NA,과장급,아니오,여,미혼,기타 실업고졸
NA,사원급,아니오,여,미혼,석사졸
6200,과장급,아니오,남,기혼,4년제졸
3500,과장급,아니오,여,기혼,4년제졸
NA,사원급,예,남,미혼,4년제졸
3450,사원급,아니오,남,미혼,4년제졸
4380,대리급,아니오,여,기혼,전문대졸
NA,사원급,아니오,여,미혼,4년제졸
4250,대리급,아니오,남,미혼,4년제졸
6000,차장급,예,남,기혼,4년제졸
8500,부장급,아니오,남,기혼,4년제졸
4000,대리급,아니오,남,기혼,4년제졸
4000,과장급,아니오,남,미혼,4년제졸
4260,대리급,아니오,여,미혼,4년제졸
4650,과장급,아니오,남,기혼,4년제졸
4580,대리급,아니오,남,기혼,4년제졸
3600,대리급,아니오,남,미혼,4년제졸
4300,대리급,아니오,여,기혼,4년제졸
2700,사원급,아니오,남,기혼,인문고졸
10000,차장급,아니오,남,미혼,석사졸
5600,주임/계장,예,남,기혼,4년제졸
4900,주임/계장,예,남,미혼,4년제졸
3000,주임/계장,예,여,미혼,4년제졸
4500,주임/계장,예,여,미혼,4년제졸
NA,주임/계장,아니오,남,미혼,4년제졸
10000,차장급,아니오,남,기혼,4년제졸
NA,사원급,아니오,남,미혼,4년제졸
5000,과장급,예,남,기혼,4년제졸
6000,대리급,아니오,남,기혼,4년제졸
6000,과장급,아니오,남,미혼,4년제졸
3600,과장급,아니오,남,기혼,4년제졸
6600,과장급,아니오,남,미혼,4년제졸
4000,사원급,아니오,여,기혼,인문고졸
12430,부장급,아니오,남,기혼,4년제졸
2900,주임/계장,예,여,미혼,4년제졸
3300,사원급,아니오,여,미혼,기타 실업고졸
7400,과장급,아니오,남,기혼,4년제졸
4300,사원급,아니오,남,미혼,4년제졸
5000,대리급,아니오,남,미혼,4년제졸
4700,주임/계장,아니오,여,기혼,기타 실업고졸
5700,대리급,아니오,남,미혼,4년제졸
4000,대리급,아니오,남,미혼,4년제졸
NA,사원급,아니오,남,미혼,4년제졸
8000,부장급,아니오,남,기혼,4년제졸
NA,과장급,예,남,기혼,4년제졸
5600,대리급,아니오,남,기혼,4년제졸
2280,사원급,아니오,여,미혼,인문고졸
5600,과장급,아니오,남,기혼,전문대졸
2500,사원급,아니오,여,미혼,기타 실업고졸
8000,차장급,아니오,남,기혼,4년제졸
4800,대리급,아니오,여,기혼,기타 실업고졸
5700,대리급,아니오,남,미혼,4년제졸
4600,주임/계장,아니오,남,미혼,4년제졸
5600,주임/계장,아니오,여,미혼,기타 실업고졸
4700,대리급,아니오,남,미혼,4년제졸
6800,과장급,예,여,기혼,4년제졸
NA,차장급,아니오,남,기혼,4년제졸
8760,차장급,아니오,남,이혼,4년제졸
8100,차장급,예,남,기혼,석사졸
9000,과장급,아니오,남,기혼,4년제졸
NA,주임/계장,아니오,남,미혼,4년제졸
5200,주임/계장,아니오,남,미혼,4년제졸
6000,과장급,예,남,NA,석사졸
6000,과장급,아니오,남,기혼,4년제졸
NA,주임/계장,아니오,남,미혼,4년제졸
4500,사원급,아니오,남,기혼,4년제졸
5200,주임/계장,아니오,남,미혼,4년제졸
2600,사원급,아니오,남,미혼,4년제졸
3060,사원급,아니오,남,기혼,4년제졸
8000,차장급,아니오,남,기혼,4년제졸
8400,부장급,아니오,남,기혼,석사졸
4000,대리급,아니오,남,미혼,4년제졸
NA,사원급,아니오,남,미혼,4년제졸
4500,대리급,아니오,여,미혼,석사졸
5388,과장급,아니오,남,미혼,4년제졸
8400,부장급,아니오,남,기혼,4년제졸
NA,부장급,아니오,남,기혼,4년제졸
NA,과장급,예,남,기혼,4년제졸
NA,대리급,예,남,기혼,인문고졸
NA,사원급,예,남,기혼,4년제졸
NA,사원급,예,남,기혼,4년제졸
NA,대리급,예,남,기혼,전문대졸
NA,부장급,아니오,남,기혼,4년제졸
5600,대리급,아니오,남,기혼,4년제졸
7500,과장급,아니오,여,기혼,4년제졸
NA,부장급,아니오,남,기혼,4년제졸
NA,부장급,예,남,기혼,4년제졸
4600,대리급,아니오,남,미혼,4년제졸
5200,대리급,아니오,남,미혼,4년제졸
10000,부장급,아니오,남,기혼,4년제졸
5000,대리급,아니오,남,미혼,4년제졸
5800,대리급,아니오,남,기혼,4년제졸
12387,부장급,예,남,기혼,석사졸
6500,과장급,아니오,여,미혼,석사졸
NA,사원급,아니오,남,미혼,4년제졸
NA,부장급,아니오,남,기혼,박사졸
7000,부장급,예,남,기혼,4년제졸
7000,생산직 반장급,예,남,기혼,석사졸
9000,생산직 반장급,예,남,기혼,공고졸
7000,과장급,예,남,기혼,4년제졸
8400,과장급,예,남,기혼,전문대졸
4000,사원급,아니오,남,기혼,전문대졸
NA,차장급,예,남,기혼,공고졸
8000,차장급,예,남,기혼,공고졸
7000,차장급,예,남,기혼,공고졸
NA,대리급,예,남,기혼,전문대졸
NA,대리급,예,남,미혼,전문대졸
9000,과장급,예,남,기혼,공고졸
6000,대리급,예,남,기혼,전문대졸
6000,과장급,예,남,기혼,공고졸
NA,사원급,예,남,미혼,공고졸
7500,차장급,아니오,남,기혼,공고졸
9000,차장급,예,남,기혼,인문고졸
8000,생산직 반장급,예,남,기혼,공고졸
7800,차장급,예,남,기혼,전문대졸
NA,차장급,아니오,남,기혼,공고졸
8000,차장급,예,남,기혼,공고졸
8600,차장급,예,남,기혼,공고졸
7500,생산직 반장급,아니오,남,기혼,공고졸
9000,차장급,아니오,남,기혼,인문고졸
NA,차장급,아니오,남,기혼,공고졸
9000,부장급,예,남,기혼,4년제졸
5500,대리급,아니오,남,기혼,전문대졸
5300,대리급,예,남,기혼,전문대졸
5500,대리급,예,남,미혼,전문대졸
NA,대리급,예,남,기혼,전문대졸
NA,사원급,아니오,남,미혼,전문대졸
9200,부장급,아니오,남,기혼,기타 실업고졸
7000,차장급,예,남,기혼,전문대졸
6500,과장급,예,남,기혼,전문대졸
NA,대리급,아니오,남,기혼,전문대졸
NA,대리급,예,남,미혼,전문대졸
5000,대리급,예,남,미혼,전문대졸
NA,임원급,아니오,남,기혼,박사졸
6300,과장급,아니오,남,미혼,박사졸
NA,과장급,아니오,남,기혼,석사졸
NA,차장급,아니오,남,기혼,석사졸
5500,주임/계장,아니오,남,기혼,석사졸
NA,과장급,아니오,남,미혼,박사졸
8000,차장급,아니오,남,기혼,석사졸
NA,주임/계장,아니오,남,미혼,4년제졸
NA,과장급,아니오,남,기혼,4년제졸
NA,부장급,아니오,남,기혼,석사졸
NA,과장급,아니오,남,기혼,석사졸
NA,부장급,아니오,남,기혼,석사졸
NA,차장급,예,남,기혼,4년제졸
NA,과장급,아니오,남,기혼,전문대졸
2800,대리급,예,남,미혼,4년제졸
NA,차장급,아니오,남,기혼,석사졸
5000,과장급,아니오,남,기혼,4년제졸
NA,과장급,아니오,남,기혼,4년제졸
NA,과장급,아니오,남,기혼,석사졸
6300,차장급,아니오,남,기혼,4년제졸
NA,사원급,아니오,남,미혼,4년제졸
3200,주임/계장,아니오,남,미혼,4년제졸
NA,대리급,아니오,남,기혼,4년제졸
NA,대리급,아니오,남,미혼,4년제졸
3200,주임/계장,아니오,여,미혼,4년제졸
NA,대리급,아니오,남,미혼,4년제졸
NA,차장급,예,남,기혼,4년제졸
8000,부장급,아니오,남,기혼,4년제졸
NA,차장급,아니오,남,기혼,4년제졸
3800,주임/계장,아니오,남,미혼,4년제졸
3000,주임/계장,예,여,미혼,4년제졸
5700,과장급,예,남,기혼,4년제졸
4600,사원급,아니오,여,기혼,전문대졸
NA,사원급,아니오,남,미혼,4년제졸
NA,부장급,예,남,기혼,전문대졸
NA,차장급,예,남,기혼,4년제졸
NA,생산직 반장급,아니오,남,기혼,기타 실업고졸
NA,대리급,예,남,기혼,4년제졸
NA,대리급,예,남,이혼,공고졸
NA,생산직 반장급,아니오,남,기혼,공고졸
4700,사원급,아니오,남,미혼,전문대졸
NA,생산직 반장급,아니오,남,기혼,인문고졸
7000,주임/계장,아니오,남,기혼,공고졸
NA,생산직 반장급,아니오,남,기혼,인문고졸
NA,대리급,아니오,남,기혼,전문대졸
NA,생산직 반장급,아니오,남,기혼,공고졸
NA,사원급,아니오,남,미혼,인문고졸
NA,생산직 반장급,아니오,남,기혼,공고졸
NA,사원급,예,남,미혼,인문고졸
NA,사원급,아니오,남,기혼,전문대졸
4800,사원급,아니오,남,미혼,공고졸
NA,사원급,아니오,남,미혼,인문고졸
NA,생산직 반장급,아니오,남,기혼,인문고졸
4000,사원급,아니오,남,기혼,공고졸
NA,차장급,아니오,남,기혼,4년제졸
NA,과장급,아니오,남,기혼,석사졸
6000,차장급,아니오,남,기혼,4년제졸
5880,과장급,아니오,남,기혼,전문대졸
6000,차장급,아니오,남,기혼,4년제졸
NA,사원급,예,여,미혼,4년제졸
7000,차장급,아니오,남,기혼,4년제졸
5000,과장급,아니오,남,기혼,4년제졸
5000,대리급,아니오,남,기혼,4년제졸
5000,과장급,아니오,남,기혼,4년제졸
5000,과장급,예,남,기혼,4년제졸
5000,과장급,아니오,남,기혼,전문대졸
4500,과장급,예,남,기혼,전문대졸
6450,과장급,아니오,남,기혼,공고졸
5000,대리급,아니오,남,기혼,4년제졸
10000,임원급,예,남,기혼,전문대졸
6000,차장급,예,남,기혼,전문대졸
3400,사원급,예,남,기혼,전문대졸
7000,주임/계장,아니오,남,기혼,인문고졸
6500,생산직 반장급,예,남,기혼,기타 실업고졸
5800,사원급,아니오,남,기혼,인문고졸
6600,사원급,아니오,남,기혼,중졸이하
NA,사원급,예,남,미혼,공고졸
3500,사원급,아니오,남,기혼,전문대졸
NA,사원급,예,남,미혼,전문대졸
NA,사원급,예,남,미혼,공고졸
5000,대리급,아니오,남,기혼,4년제졸
6000,사원급,아니오,남,기혼,중졸이하
4800,대리급,아니오,남,기혼,4년제졸
5000,생산직 반장급,아니오,남,기혼,공고졸
7000,사원급,아니오,남,기혼,인문고졸
6800,생산직 반장급,예,남,기혼,인문고졸
5000,사원급,아니오,남,기혼,전문대졸
5000,사원급,아니오,남,기혼,공고졸
4500,사원급,아니오,남,미혼,공고졸
4500,사원급,아니오,남,기혼,전문대졸
6000,과장급,예,남,기혼,전문대졸
6000,과장급,아니오,남,기혼,4년제졸
NA,차장급,아니오,남,기혼,4년제졸
NA,과장급,아니오,남,기혼,인문고졸
5000,대리급,아니오,남,미혼,4년제졸
NA,사원급,예,남,미혼,4년제졸
4500,과장급,예,남,기혼,4년제졸
NA,주임/계장,아니오,여,미혼,4년제졸
NA,과장급,아니오,남,미혼,4년제졸
5200,차장급,아니오,남,기혼,4년제졸
NA,과장급,아니오,남,기혼,전문대졸
NA,사원급,아니오,남,미혼,4년제졸
4000,대리급,예,남,미혼,전문대졸
NA,부장급,아니오,남,기혼,석사졸
NA,과장급,아니오,남,기혼,석사졸
4500,과장급,아니오,남,기혼,석사졸
NA,과장급,아니오,여,미혼,4년제졸
NA,차장급,예,남,기혼,4년제졸
NA,과장급,예,남,기혼,4년제졸
NA,차장급,아니오,남,기혼,석사졸
NA,차장급,예,남,기혼,석사졸
NA,사원급,아니오,여,미혼,4년제졸
NA,차장급,아니오,남,미혼,석사졸
NA,대리급,아니오,남,기혼,석사졸
NA,차장급,아니오,여,기혼,4년제졸
NA,과장급,아니오,여,기혼,4년제졸
NA,차장급,아니오,남,기혼,4년제졸
NA,차장급,아니오,남,기혼,석사졸
4000,주임/계장,아니오,남,기혼,석사졸
7700,차장급,예,남,기혼,석사졸
6500,과장급,예,남,기혼,석사졸
NA,과장급,아니오,남,기혼,4년제졸
NA,사원급,아니오,남,미혼,4년제졸
NA,사원급,아니오,남,기혼,4년제졸
NA,대리급,예,여,기혼,기타 실업고졸
4800,대리급,아니오,남,기혼,4년제졸
4800,과장급,예,남,기혼,4년제졸
NA,차장급,예,남,기혼,석사졸
NA,부장급,예,남,기혼,석사졸
NA,대리급,아니오,남,미혼,4년제졸
NA,과장급,아니오,남,기혼,4년제졸
NA,대리급,아니오,여,미혼,4년제졸
NA,차장급,아니오,남,기혼,4년제졸
NA,사원급,아니오,남,미혼,4년제졸
NA,차장급,아니오,남,기혼,4년제졸
NA,차장급,예,남,미혼,4년제졸
5000,과장급,아니오,남,기혼,4년제졸
5000,차장급,아니오,남,기혼,4년제졸
3500,대리급,아니오,남,미혼,4년제졸
3800,대리급,아니오,남,미혼,4년제졸
3300,대리급,예,남,기혼,인문고졸
2300,주임/계장,아니오,여,기혼,전문대졸
NA,부장급,아니오,남,기혼,전문대졸
NA,부장급,아니오,남,기혼,석사졸
NA,과장급,예,남,기혼,석사졸
NA,과장급,아니오,여,기혼,4년제졸
NA,과장급,아니오,남,기혼,석사졸
NA,차장급,아니오,남,기혼,4년제졸
4200,대리급,아니오,남,미혼,4년제졸
7000,부장급,아니오,남,기혼,석사졸
4300,대리급,아니오,남,미혼,4년제졸
NA,대리급,아니오,여,기혼,4년제졸
NA,대리급,아니오,남,미혼,4년제졸
6500,차장급,아니오,남,기혼,석사졸
NA,대리급,아니오,여,미혼,4년제졸
NA,과장급,아니오,여,기혼,4년제졸
8500,부장급,예,남,기혼,4년제졸
6000,부장급,예,남,기혼,4년제졸
3600,대리급,예,남,기혼,4년제졸
4000,대리급,아니오,남,미혼,4년제졸
6200,차장급,아니오,여,기혼,4년제졸
3600,대리급,예,남,미혼,4년제졸
3600,사원급,예,남,미혼,4년제졸
NA,과장급,예,남,기혼,4년제졸
4000,대리급,아니오,여,미혼,4년제졸
4100,대리급,예,여,미혼,4년제졸
8000,부장급,예,남,이혼,4년제졸
4600,대리급,아니오,여,미혼,4년제졸
8500,부장급,예,여,기혼,전문대졸
NA,차장급,예,남,기혼,4년제졸
NA,차장급,예,여,미혼,4년제졸
4500,대리급,예,남,미혼,4년제졸
4300,대리급,예,여,기혼,4년제졸
NA,대리급,아니오,여,미혼,4년제졸
7000,부장급,예,남,기혼,4년제졸
NA,부장급,아니오,남,기혼,전문대졸
4000,사원급,아니오,남,미혼,4년제졸
NA,차장급,예,남,기혼,4년제졸
NA,차장급,예,남,기혼,전문대졸
NA,과장급,예,여,기혼,4년제졸
4700,대리급,예,여,미혼,4년제졸
NA,부장급,예,남,미혼,4년제졸
4200,사원급,아니오,남,미혼,4년제졸
5179,과장급,아니오,남,기혼,4년제졸
9000,부장급,아니오,남,기혼,4년제졸
7000,차장급,예,여,기혼,4년제졸
NA,부장급,예,남,기혼,석사졸
NA,과장급,아니오,남,기혼,4년제졸
4300,대리급,예,남,미혼,4년제졸
6500,차장급,아니오,남,기혼,4년제졸
4000,대리급,예,남,미혼,4년제졸
NA,과장급,아니오,남,기혼,4년제졸
4300,사원급,아니오,여,미혼,4년제졸
4000,차장급,아니오,남,기혼,4년제졸
NA,사원급,아니오,남,미혼,전문대졸
2500,대리급,예,남,미혼,4년제졸
NA,사원급,아니오,남,미혼,전문대졸
NA,사원급,아니오,여,미혼,4년제졸
NA,사원급,아니오,여,미혼,전문대졸
NA,과장급,아니오,여,기혼,전문대졸
NA,대리급,아니오,여,미혼,전문대졸
NA,차장급,예,남,기혼,4년제졸
2280,주임/계장,아니오,여,미혼,4년제졸
1800,주임/계장,아니오,여,미혼,4년제졸
NA,사원급,아니오,남,미혼,전문대졸
3000,과장급,아니오,남,미혼,전문대졸
NA,주임/계장,아니오,여,미혼,4년제졸
5400,과장급,예,남,기혼,전문대졸
6400,차장급,아니오,남,기혼,4년제졸
4500,과장급,아니오,남,기혼,전문대졸
6000,차장급,예,남,기혼,공고졸
4200,과장급,예,남,기혼,전문대졸
6000,과장급,아니오,남,기혼,4년제졸
4500,과장급,아니오,남,기혼,석사졸
4300,과장급,아니오,여,NA,전문대졸
4000,과장급,아니오,여,기혼,4년제졸
3900,대리급,아니오,여,기혼,석사졸
NA,사원급,아니오,남,미혼,4년제졸
2800,주임/계장,예,여,미혼,4년제졸
7500,부장급,아니오,남,기혼,4년제졸
3488,대리급,아니오,여,미혼,전문대졸
6000,차장급,아니오,남,기혼,4년제졸
5000,과장급,아니오,남,기혼,석사졸
3600,대리급,아니오,남,미혼,4년제졸
7000,차장급,예,남,기혼,4년제졸
4000,대리급,아니오,여,미혼,4년제졸
3000,주임/계장,아니오,여,미혼,전문대졸
3300,사원급,아니오,여,미혼,4년제졸
2700,사원급,아니오,남,미혼,4년제졸
5000,과장급,예,남,미혼,4년제졸
NA,대리급,아니오,남,미혼,공고졸
6500,대리급,아니오,남,기혼,전문대졸
4871,대리급,아니오,남,기혼,공고졸
6500,차장급,아니오,남,기혼,인문고졸
4500,차장급,예,남,미혼,석사졸
5500,차장급,아니오,여,미혼,4년제졸
4000,사원급,아니오,여,기혼,4년제졸
12000,부장급,아니오,남,기혼,4년제졸
NA,사원급,아니오,여,미혼,4년제졸
NA,사원급,아니오,남,미혼,4년제졸
4000,대리급,아니오,남,기혼,4년제졸
3200,사원급,아니오,여,기혼,전문대졸
10000,부장급,아니오,남,기혼,4년제졸
5000,대리급,아니오,여,기혼,4년제졸
7000,과장급,아니오,남,기혼,4년제졸
NA,대리급,예,남,미혼,4년제졸
7000,부장급,예,남,기혼,4년제졸
NA,사원급,아니오,남,미혼,4년제졸
10000,부장급,아니오,남,기혼,4년제졸
3400,사원급,아니오,여,미혼,4년제졸
NA,사원급,아니오,남,미혼,4년제졸
NA,사원급,아니오,남,미혼,4년제졸
4400,과장급,예,남,미혼,4년제졸
10000,부장급,아니오,남,기혼,4년제졸
5000,차장급,아니오,여,기혼,4년제졸
NA,차장급,아니오,남,기혼,4년제졸
NA,대리급,아니오,여,미혼,4년제졸
NA,대리급,아니오,남,기혼,4년제졸
5000,차장급,아니오,남,미혼,석사졸
NA,대리급,아니오,여,미혼,4년제졸
10000,부장급,아니오,여,기혼,4년제졸
NA,과장급,아니오,남,기혼,4년제졸
NA,과장급,아니오,남,기혼,4년제졸
6890,부장급,아니오,여,기혼,전문대졸
5000,차장급,아니오,남,기혼,4년제졸
8900,부장급,아니오,남,기혼,4년제졸
8000,차장급,아니오,남,기혼,전문대졸
10000,부장급,아니오,남,기혼,석사졸
12000,부장급,아니오,남,기혼,석사졸
3800,과장급,아니오,여,기혼,석사졸
4000,대리급,아니오,남,미혼,석사졸
11000,부장급,아니오,남,기혼,4년제졸
10000,부장급,아니오,남,기혼,석사졸
10000,부장급,예,남,미혼,4년제졸
6500,차장급,아니오,남,기혼,4년제졸
3200,사원급,아니오,여,미혼,기타 실업고졸
10000,부장급,아니오,남,기혼,석사졸
3500,대리급,예,남,기혼,4년제졸
5600,과장급,아니오,여,기혼,4년제졸
3500,사원급,예,여,미혼,4년제졸
NA,사원급,아니오,남,미혼,4년제졸
11000,부장급,아니오,남,기혼,4년제졸
8500,부장급,아니오,남,기혼,4년제졸
7000,부장급,아니오,남,기혼,전문대졸
5400,과장급,아니오,여,미혼,기타 실업고졸
5000,과장급,아니오,여,기혼,기타 실업고졸
6000,부장급,아니오,남,기혼,전문대졸
3100,대리급,아니오,남,미혼,4년제졸
4000,대리급,아니오,남,미혼,4년제졸
NA,사원급,예,남,미혼,4년제졸
3800,대리급,아니오,남,기혼,4년제졸
3800,과장급,아니오,남,기혼,4년제졸
4000,과장급,아니오,남,이혼,4년제졸
7000,부장급,아니오,남,이혼,4년제졸
3900,대리급,예,남,기혼,4년제졸
4800,과장급,예,남,기혼,4년제졸
3600,대리급,아니오,여,기혼,4년제졸
4500,과장급,아니오,여,기혼,4년제졸
4700,과장급,아니오,남,기혼,4년제졸
4600,과장급,아니오,여,미혼,전문대졸
NA,부장급,예,남,기혼,석사졸
3300,대리급,아니오,여,미혼,4년제졸
NA,사원급,아니오,여,미혼,4년제졸
3120,대리급,아니오,남,미혼,4년제졸
4100,과장급,아니오,남,기혼,4년제졸
7000,부장급,아니오,남,기혼,4년제졸
NA,차장급,아니오,여,기혼,4년제졸
6500,부장급,아니오,남,기혼,석사졸
4800,과장급,아니오,남,기혼,4년제졸
3350,대리급,아니오,남,미혼,4년제졸
4500,대리급,아니오,여,기혼,석사졸
3064,사원급,아니오,여,미혼,4년제졸
3300,사원급,예,남,미혼,4년제졸
4800,과장급,아니오,여,미혼,4년제졸
7200,부장급,아니오,남,기혼,석사졸
3190,사원급,예,여,미혼,4년제졸
3200,대리급,예,남,미혼,4년제졸
5000,과장급,예,남,기혼,4년제졸
3200,사원급,예,여,미혼,4년제졸
4000,대리급,예,여,미혼,전문대졸
5240,과장급,아니오,여,기혼,인문고졸
7100,부장급,아니오,남,기혼,4년제졸
7000,부장급,아니오,남,기혼,4년제졸
7200,임원급,아니오,남,기혼,4년제졸
3200,대리급,예,남,기혼,4년제졸
4850,과장급,예,남,미혼,4년제졸
NA,대리급,예,남,기혼,4년제졸
NA,차장급,예,남,기혼,4년제졸
NA,부장급,아니오,남,기혼,4년제졸
3467,사원급,예,여,미혼,4년제졸
NA,차장급,예,남,기혼,4년제졸
6000,차장급,예,남,기혼,4년제졸
NA,차장급,예,남,기혼,4년제졸
3300,사원급,아니오,여,기혼,4년제졸
NA,차장급,예,남,기혼,4년제졸
4000,대리급,예,남,미혼,4년제졸
NA,과장급,아니오,남,기혼,4년제졸
3000,사원급,예,남,미혼,4년제졸
4000,과장급,아니오,남,미혼,전문대졸
4200,과장급,예,남,미혼,전문대졸
NA,대리급,아니오,남,기혼,전문대졸
6270,부장급,예,남,기혼,4년제졸
4000,대리급,예,남,기혼,4년제졸
NA,과장급,아니오,여,기혼,석사졸
3000,사원급,예,남,미혼,전문대졸
4000,차장급,아니오,남,기혼,전문대졸
3900,대리급,아니오,여,기혼,4년제졸
2680,사원급,아니오,여,미혼,전문대졸
3100,사원급,아니오,여,미혼,4년제졸
2260,사원급,아니오,남,미혼,4년제졸
7050,부장급,아니오,남,기혼,석사졸
4300,대리급,아니오,여,미혼,4년제졸
7500,부장급,아니오,남,기혼,석사졸
4000,대리급,예,남,미혼,4년제졸
5500,차장급,아니오,남,기혼,4년제졸
5800,과장급,아니오,여,기혼,4년제졸
4500,과장급,아니오,남,기혼,4년제졸
3231,사원급,아니오,남,미혼,4년제졸
3125,사원급,아니오,여,미혼,4년제졸
NA,과장급,아니오,남,기혼,석사졸
7490,부장급,아니오,남,기혼,석사졸
3247,사원급,예,남,미혼,4년제졸
NA,사원급,아니오,남,미혼,전문대졸
NA,사원급,아니오,여,미혼,전문대졸
NA,사원급,아니오,여,미혼,4년제졸
6000,차장급,아니오,남,기혼,4년제졸
6000,차장급,아니오,남,기혼,4년제졸
5500,과장급,아니오,남,기혼,4년제졸
5500,과장급,아니오,남,기혼,4년제졸
7000,차장급,예,남,기혼,4년제졸
2900,사원급,아니오,여,미혼,전문대졸
6000,차장급,예,남,기혼,4년제졸
NA,사원급,예,여,기혼,4년제졸
3700,사원급,아니오,남,미혼,4년제졸
3327,사원급,예,남,미혼,4년제졸
6100,차장급,아니오,남,기혼,전문대졸
8459,부장급,예,남,기혼,4년제졸
3500,사원급,아니오,여,NA,4년제졸
7500,부장급,예,남,기혼,석사졸
4500,과장급,예,남,기혼,박사졸
3000,대리급,아니오,남,기혼,4년제졸
NA,차장급,아니오,남,기혼,4년제졸
NA,대리급,예,남,기혼,석사졸
8900,부장급,예,남,기혼,4년제졸
4500,과장급,아니오,남,기혼,4년제졸
6000,과장급,예,남,기혼,전문대졸
4800,차장급,예,남,기혼,4년제졸
5700,차장급,아니오,남,기혼,4년제졸
3840,과장급,예,남,기혼,전문대졸
5500,부장급,예,남,기혼,전문대졸
5000,과장급,예,남,기혼,전문대졸
3200,사원급,아니오,남,미혼,4년제졸
7300,차장급,아니오,남,기혼,석사졸
8000,임원급,아니오,남,기혼,석사졸
NA,사원급,아니오,남,미혼,석사졸
4000,대리급,예,여,미혼,석사졸
4300,대리급,아니오,여,미혼,석사졸
4300,대리급,아니오,여,미혼,석사졸
7000,차장급,아니오,남,기혼,4년제졸
NA,차장급,아니오,여,기혼,4년제졸
4469,사원급,아니오,남,미혼,4년제졸
5900,생산직 반장급,아니오,남,기혼,인문고졸
5540,생산직 반장급,아니오,남,기혼,인문고졸
3860,사원급,아니오,남,기혼,전문대졸
4280,사원급,예,남,기혼,전문대졸
5000,대리급,아니오,남,기혼,4년제졸
10000,부장급,예,남,기혼,4년제졸
NA,사원급,예,남,미혼,4년제졸
5000,사원급,아니오,남,기혼,4년제졸
7000,차장급,아니오,남,기혼,4년제졸
NA,차장급,아니오,남,기혼,4년제졸
8023,과장급,아니오,남,기혼,박사졸
7000,과장급,아니오,남,기혼,4년제졸
NA,사원급,아니오,남,미혼,4년제졸
6000,대리급,아니오,남,기혼,4년제졸
NA,부장급,아니오,남,기혼,4년제졸
NA,사원급,아니오,남,미혼,4년제졸
3000,사원급,아니오,여,미혼,4년제졸
4900,사원급,아니오,남,미혼,4년제졸
NA,차장급,아니오,남,기혼,4년제졸
9300,차장급,아니오,남,기혼,4년제졸
2700,사원급,아니오,여,미혼,4년제졸
4800,사원급,아니오,남,미혼,4년제졸
5000,사원급,예,여,기혼,4년제졸
NA,사원급,예,남,미혼,4년제졸
5512,사원급,예,남,미혼,4년제졸
9000,차장급,아니오,남,기혼,4년제졸
7000,과장급,아니오,남,기혼,4년제졸
4800,사원급,아니오,남,미혼,4년제졸
NA,부장급,아니오,남,기혼,4년제졸
NA,대리급,아니오,남,미혼,4년제졸
3000,사원급,아니오,여,미혼,4년제졸
NA,대리급,아니오,남,기혼,4년제졸
3100,사원급,아니오,여,미혼,4년제졸
NA,대리급,아니오,여,기혼,4년제졸
NA,사원급,아니오,여,미혼,기타 실업고졸
3500,차장급,아니오,남,미혼,4년제졸
5400,부장급,아니오,남,기혼,4년제졸
2900,대리급,예,남,기혼,4년제졸
3400,대리급,예,남,이혼,전문대졸
NA,사원급,예,남,미혼,4년제졸
NA,부장급,아니오,남,기혼,4년제졸
5328,과장급,예,남,기혼,전문대졸
NA,생산직 반장급,아니오,남,기혼,인문고졸
NA,생산직 반장급,예,남,기혼,인문고졸
3800,차장급,아니오,남,기혼,4년제졸
NA,생산직 반장급,아니오,남,기혼,기타 실업고졸
2800,생산직 반장급,아니오,남,미혼,공고졸
NA,과장급,아니오,남,기혼,4년제졸
NA,차장급,아니오,남,기혼,4년제졸
NA,차장급,예,남,기혼,석사졸
NA,차장급,아니오,남,기혼,4년제졸
3600,과장급,예,여,기혼,전문대졸
NA,사원급,아니오,남,미혼,전문대졸
NA,과장급,예,남,미혼,석사졸
5700,부장급,아니오,여,기혼,석사졸
5000,부장급,아니오,남,기혼,4년제졸
3900,과장급,예,남,기혼,4년제졸
NA,과장급,아니오,남,기혼,4년제졸
NA,차장급,아니오,남,기혼,4년제졸
NA,과장급,아니오,남,미혼,전문대졸
2800,사원급,아니오,남,미혼,석사졸
NA,대리급,아니오,남,미혼,4년제졸
2760,사원급,아니오,남,미혼,석사졸
NA,대리급,예,남,미혼,석사졸
6000,임원급,예,남,기혼,4년제졸
NA,차장급,아니오,남,미혼,석사졸
NA,차장급,예,남,기혼,석사졸
4300,과장급,예,여,미혼,석사졸
4600,과장급,아니오,남,기혼,4년제졸
3100,대리급,예,남,미혼,석사졸
3600,대리급,예,남,기혼,석사졸
3400,대리급,아니오,남,기혼,4년제졸
4000,과장급,아니오,여,미혼,4년제졸
4600,차장급,예,남,기혼,석사졸
3900,과장급,아니오,여,미혼,전문대졸
4500,차장급,아니오,남,미혼,4년제졸
7000,임원급,아니오,남,기혼,4년제졸
3300,과장급,아니오,남,기혼,4년제졸
4300,차장급,예,남,기혼,전문대졸
5000,부장급,아니오,남,기혼,4년제졸
2200,주임/계장,아니오,여,기혼,전문대졸
NA,사원급,예,남,미혼,4년제졸
NA,차장급,예,남,기혼,4년제졸
NA,임원급,아니오,남,기혼,4년제졸
NA,대리급,아니오,남,기혼,4년제졸
2700,사원급,아니오,여,미혼,4년제졸
3300,대리급,아니오,여,기혼,전문대졸
4600,과장급,예,남,기혼,4년제졸
7450,임원급,아니오,남,기혼,4년제졸
3370,대리급,예,남,기혼,4년제졸
3768,대리급,아니오,남,기혼,4년제졸
6800,부장급,예,남,기혼,공고졸
2800,대리급,아니오,여,기혼,전문대졸
3300,대리급,아니오,남,미혼,4년제졸
5500,부장급,아니오,남,기혼,4년제졸
7200,임원급,예,남,기혼,4년제졸
4500,차장급,예,남,기혼,공고졸
NA,차장급,예,남,기혼,공고졸
5000,차장급,예,남,기혼,공고졸
4000,과장급,예,남,기혼,전문대졸
3200,대리급,아니오,남,기혼,기타 실업고졸
4500,차장급,아니오,남,미혼,기타 실업고졸
NA,과장급,예,남,기혼,공고졸
3000,대리급,아니오,남,기혼,기타 실업고졸
4000,과장급,예,남,기혼,기타 실업고졸
4500,차장급,예,남,기혼,공고졸
3000,대리급,아니오,남,기혼,기타 실업고졸
3000,대리급,예,남,미혼,공고졸
NA,대리급,아니오,남,기혼,인문고졸
NA,과장급,아니오,남,기혼,인문고졸
NA,차장급,아니오,남,기혼,기타 실업고졸
3600,차장급,아니오,남,기혼,기타 실업고졸
3600,과장급,예,남,기혼,공고졸
4500,차장급,예,남,기혼,공고졸
5500,과장급,예,남,기혼,전문대졸
2900,주임/계장,아니오,남,미혼,4년제졸
NA,대리급,아니오,남,기혼,전문대졸
3600,주임/계장,아니오,남,미혼,전문대졸
3600,주임/계장,아니오,남,기혼,전문대졸
3600,주임/계장,아니오,남,미혼,인문고졸
2900,주임/계장,아니오,남,기혼,4년제졸
4000,대리급,아니오,남,기혼,공고졸
2900,주임/계장,아니오,남,미혼,4년제졸
3300,주임/계장,아니오,남,미혼,전문대졸
2800,사원급,아니오,남,미혼,전문대졸
2800,사원급,아니오,남,미혼,중졸이하
NA,사원급,아니오,남,미혼,공고졸
NA,사원급,아니오,여,기혼,공고졸
2800,사원급,아니오,남,미혼,기타 실업고졸
2000,사원급,아니오,남,미혼,인문고졸
NA,주임/계장,아니오,여,기혼,인문고졸
NA,사원급,아니오,남,기혼,인문고졸
NA,사원급,아니오,여,기혼,공고졸
NA,사원급,아니오,여,미혼,기타 실업고졸
2400,사원급,아니오,남,미혼,기타 실업고졸
NA,사원급,아니오,여,기혼,공고졸
NA,사원급,아니오,남,미혼,공고졸
NA,사원급,아니오,여,미혼,기타 실업고졸
2000,사원급,아니오,남,미혼,인문고졸
2700,주임/계장,아니오,남,미혼,인문고졸
3000,사원급,아니오,여,기혼,중졸이하
3100,사원급,아니오,남,미혼,공고졸
2900,사원급,아니오,남,미혼,공고졸
NA,사원급,아니오,여,미혼,기타 실업고졸
NA,사원급,아니오,남,미혼,인문고졸
NA,사원급,아니오,남,미혼,4년제졸
3500,사원급,아니오,남,미혼,인문고졸
NA,사원급,예,여,미혼,기타 실업고졸
5800,차장급,아니오,남,기혼,석사졸
3900,대리급,아니오,남,미혼,4년제졸
4900,과장급,예,여,기혼,4년제졸
NA,사원급,아니오,남,기혼,4년제졸
NA,대리급,예,여,기혼,전문대졸
4000,대리급,아니오,남,기혼,4년제졸
NA,과장급,예,남,기혼,4년제졸
NA,사원급,예,남,미혼,4년제졸
3900,과장급,아니오,남,기혼,4년제졸
NA,사원급,아니오,여,미혼,전문대졸
5000,과장급,아니오,남,기혼,4년제졸
3200,사원급,예,여,기혼,전문대졸
2800,사원급,아니오,여,미혼,기타 실업고졸
5000,과장급,아니오,남,기혼,공고졸
4500,대리급,예,남,미혼,공고졸
4500,대리급,예,남,기혼,공고졸
3980,사원급,아니오,여,기혼,기타 실업고졸
4400,사원급,아니오,남,미혼,공고졸
4180,사원급,아니오,남,미혼,공고졸
8000,과장급,아니오,남,기혼,4년제졸
8900,차장급,아니오,남,기혼,4년제졸
4500,대리급,아니오,남,기혼,4년제졸
4000,주임/계장,아니오,남,미혼,4년제졸
4400,주임/계장,아니오,여,미혼,전문대졸
4500,대리급,예,여,기혼,기타 실업고졸
NA,차장급,예,여,미혼,4년제졸
5000,대리급,예,남,미혼,4년제졸
NA,차장급,예,남,기혼,4년제졸
7400,차장급,아니오,남,기혼,4년제졸
6000,대리급,아니오,남,기혼,4년제졸
5900,과장급,예,남,기혼,4년제졸
NA,차장급,아니오,남,기혼,4년제졸
3600,대리급,예,여,기혼,전문대졸
NA,사원급,예,남,미혼,4년제졸
5000,과장급,예,남,기혼,4년제졸
4800,대리급,아니오,남,기혼,4년제졸
8692,차장급,예,남,미혼,4년제졸
7000,과장급,예,남,기혼,4년제졸
4200,대리급,예,남,기혼,석사졸
7000,과장급,아니오,남,기혼,4년제졸
6500,대리급,예,남,기혼,4년제졸
10000,차장급,예,남,기혼,석사졸
6000,대리급,아니오,남,기혼,4년제졸
7000,대리급,예,여,기혼,4년제졸
9000,차장급,예,남,기혼,4년제졸
6950,과장급,아니오,남,기혼,4년제졸
6900,과장급,아니오,남,기혼,4년제졸
7700,과장급,아니오,남,기혼,4년제졸
7500,과장급,예,남,기혼,4년제졸
8000,과장급,아니오,여,미혼,4년제졸
NA,차장급,아니오,남,기혼,석사졸
12271,차장급,예,남,기혼,4년제졸
NA,주임/계장,예,여,미혼,4년제졸
6800,차장급,예,남,기혼,석사졸
7333,과장급,예,남,기혼,4년제졸
6000,과장급,예,남,기혼,4년제졸
6000,대리급,예,남,기혼,4년제졸
8700,과장급,예,남,기혼,석사졸
NA,사원급,예,남,미혼,4년제졸
10000,차장급,예,남,기혼,석사졸
10000,부장급,예,여,기혼,4년제졸
7000,과장급,예,남,기혼,기타 실업고졸
NA,사원급,예,남,미혼,4년제졸
7000,차장급,예,남,기혼,4년제졸
8000,주임/계장,예,여,기혼,기타 실업고졸
5300,대리급,예,여,기혼,기타 실업고졸
4800,주임/계장,예,남,미혼,4년제졸
8000,차장급,예,남,기혼,기타 실업고졸
6400,차장급,예,남,기혼,전문대졸
8000,차장급,예,남,기혼,4년제졸
3900,대리급,예,여,미혼,4년제졸
4570,대리급,아니오,여,기혼,전문대졸
8000,차장급,예,남,기혼,4년제졸
8000,차장급,예,남,기혼,4년제졸
8000,차장급,예,남,기혼,4년제졸
6000,과장급,예,남,기혼,4년제졸
NA,사원급,예,남,미혼,4년제졸
7200,과장급,아니오,남,기혼,석사졸
6000,대리급,예,여,기혼,전문대졸
10000,부장급,예,남,기혼,4년제졸
NA,과장급,예,남,기혼,4년제졸
8000,부장급,아니오,남,기혼,4년제졸
5000,대리급,예,남,기혼,4년제졸
8000,차장급,예,남,기혼,4년제졸
7000,대리급,예,남,기혼,4년제졸
NA,대리급,예,남,기혼,4년제졸
10000,대리급,예,남,기혼,4년제졸
8500,부장급,예,남,이혼,4년제졸
5500,부장급,아니오,남,기혼,석사졸
2800,주임/계장,아니오,여,미혼,전문대졸
NA,임원급,아니오,남,기혼,석사졸
4000,과장급,아니오,남,기혼,석사졸
5000,차장급,예,남,미혼,전문대졸
3800,차장급,아니오,남,기혼,4년제졸
3100,대리급,아니오,남,미혼,4년제졸
NA,차장급,예,남,기혼,4년제졸
7200,차장급,아니오,남,기혼,4년제졸
7200,차장급,아니오,남,기혼,4년제졸
6700,과장급,아니오,남,기혼,4년제졸
6700,과장급,아니오,남,기혼,석사졸
NA,사원급,아니오,남,미혼,4년제졸
6700,과장급,아니오,남,기혼,4년제졸
8300,부장급,아니오,남,기혼,석사졸
6500,과장급,아니오,남,기혼,4년제졸
8100,부장급,아니오,남,기혼,4년제졸
3500,사원급,아니오,여,기혼,전문대졸
NA,사원급,아니오,남,미혼,4년제졸
4500,주임/계장,아니오,남,기혼,4년제졸
8100,부장급,아니오,남,기혼,4년제졸
8100,부장급,아니오,남,기혼,석사졸
7200,차장급,아니오,남,기혼,4년제졸
6700,과장급,아니오,여,기혼,4년제졸
6500,과장급,아니오,여,기혼,4년제졸
6700,과장급,아니오,남,기혼,4년제졸
6700,과장급,아니오,여,기혼,4년제졸
5500,사원급,아니오,여,미혼,4년제졸
9500,임원급,아니오,남,기혼,석사졸
5500,대리급,아니오,남,미혼,4년제졸
7200,차장급,아니오,여,기혼,인문고졸
3100,사원급,아니오,여,미혼,전문대졸
6700,과장급,예,남,기혼,4년제졸
2800,사원급,아니오,여,기혼,4년제졸
NA,과장급,아니오,남,기혼,4년제졸
3100,사원급,아니오,여,미혼,4년제졸
3400,과장급,아니오,여,기혼,기타 실업고졸
2150,사원급,아니오,남,미혼,4년제졸
3550,과장급,예,남,기혼,석사졸
3000,과장급,예,여,미혼,전문대졸
3400,과장급,아니오,남,기혼,4년제졸
3000,과장급,아니오,남,기혼,4년제졸
NA,사원급,아니오,여,미혼,4년제졸
3200,과장급,예,남,기혼,4년제졸
4000,차장급,예,남,기혼,공고졸
4000,차장급,예,남,기혼,4년제졸
6000,차장급,아니오,남,기혼,4년제졸
3800,과장급,아니오,남,미혼,4년제졸
4000,과장급,예,남,미혼,4년제졸
6300,부장급,아니오,남,기혼,4년제졸
3500,대리급,아니오,남,기혼,전문대졸
6000,차장급,아니오,남,기혼,4년제졸
6700,부장급,아니오,남,기혼,4년제졸
5000,부장급,아니오,남,기혼,전문대졸
3100,대리급,예,여,기혼,4년제졸
5000,부장급,아니오,남,기혼,4년제졸
3000,과장급,예,여,기혼,전문대졸
NA,과장급,아니오,여,기혼,4년제졸
3200,대리급,예,남,기혼,4년제졸
3200,대리급,아니오,남,기혼,4년제졸
4200,부장급,아니오,남,미혼,4년제졸
2500,사원급,아니오,여,미혼,석사졸
NA,사원급,아니오,여,미혼,4년제졸
2300,사원급,아니오,여,미혼,4년제졸
NA,대리급,아니오,남,미혼,4년제졸
NA,과장급,아니오,남,기혼,4년제졸
NA,차장급,아니오,여,기혼,4년제졸
NA,차장급,예,여,미혼,4년제졸
NA,과장급,예,여,미혼,석사졸
6300,부장급,예,남,기혼,4년제졸
2700,사원급,아니오,남,미혼,4년제졸
NA,대리급,아니오,남,기혼,전문대졸
NA,사원급,예,여,미혼,전문대졸
4760,과장급,예,남,기혼,전문대졸
NA,사원급,아니오,남,미혼,전문대졸
NA,부장급,예,남,미혼,4년제졸
4900,과장급,아니오,여,미혼,4년제졸
NA,대리급,아니오,남,미혼,4년제졸
4700,과장급,아니오,여,미혼,4년제졸
NA,대리급,아니오,남,기혼,4년제졸
3530,대리급,예,남,기혼,전문대졸
NA,차장급,예,여,기혼,4년제졸
3100,과장급,아니오,남,기혼,4년제졸
3100,대리급,아니오,여,기혼,4년제졸
3000,대리급,아니오,여,미혼,4년제졸
3700,대리급,아니오,여,미혼,4년제졸
6600,부장급,아니오,남,기혼,전문대졸
3000,대리급,아니오,여,미혼,4년제졸
6700,차장급,예,남,기혼,석사졸
NA,사원급,아니오,남,미혼,4년제졸
8000,임원급,아니오,남,기혼,4년제졸
5500,차장급,아니오,남,기혼,4년제졸
NA,과장급,아니오,여,미혼,4년제졸
5700,부장급,아니오,여,미혼,4년제졸
5368,차장급,아니오,남,기혼,4년제졸
4700,과장급,아니오,남,기혼,석사졸
NA,과장급,아니오,남,기혼,석사졸
2900,사원급,아니오,남,미혼,석사졸
6000,부장급,아니오,남,기혼,석사졸
NA,사원급,아니오,여,미혼,전문대졸
4200,과장급,아니오,남,미혼,4년제졸
4700,과장급,아니오,남,기혼,4년제졸
7000,부장급,아니오,남,기혼,4년제졸
2100,사원급,아니오,여,미혼,전문대졸
2200,사원급,아니오,여,미혼,기타 실업고졸
3900,대리급,아니오,남,기혼,4년제졸
NA,임원급,아니오,남,기혼,4년제졸
4200,과장급,아니오,남,기혼,4년제졸
4400,차장급,아니오,남,기혼,4년제졸
7500,부장급,예,여,미혼,4년제졸
4200,과장급,아니오,여,기혼,4년제졸
NA,사원급,아니오,여,미혼,4년제졸
4000,대리급,아니오,여,미혼,4년제졸
3000,대리급,아니오,여,기혼,4년제졸
NA,사원급,아니오,여,미혼,4년제졸
5500,차장급,아니오,여,미혼,석사졸
NA,대리급,아니오,여,미혼,석사졸
4000,대리급,아니오,여,미혼,4년제졸
4000,과장급,아니오,남,기혼,4년제졸
4500,대리급,아니오,남,기혼,석사졸
4000,대리급,아니오,여,미혼,전문대졸
2500,주임/계장,아니오,남,미혼,전문대졸
4500,과장급,아니오,여,기혼,전문대졸
NA,사원급,예,여,미혼,전문대졸
2600,주임/계장,아니오,여,기혼,4년제졸
5000,차장급,예,남,기혼,전문대졸
4000,대리급,아니오,남,미혼,인문고졸
4000,대리급,아니오,남,기혼,전문대졸
3200,대리급,아니오,남,기혼,4년제졸
NA,과장급,아니오,남,기혼,전문대졸
4000,대리급,아니오,남,기혼,전문대졸
NA,주임/계장,아니오,여,미혼,4년제졸
4300,대리급,예,남,기혼,4년제졸
4300,대리급,예,여,기혼,4년제졸
4000,대리급,예,남,기혼,4년제졸
4200,과장급,아니오,남,기혼,전문대졸
3600,주임/계장,아니오,남,미혼,공고졸
2800,주임/계장,아니오,남,기혼,전문대졸
4200,대리급,아니오,남,기혼,인문고졸
4000,대리급,아니오,남,기혼,전문대졸
6000,부장급,예,남,기혼,박사졸
NA,차장급,아니오,남,기혼,전문대졸
5800,차장급,아니오,남,기혼,석사졸
5280,차장급,예,남,기혼,4년제졸
5300,과장급,예,남,기혼,4년제졸
2900,사원급,아니오,여,미혼,4년제졸
4000,대리급,아니오,남,기혼,전문대졸
7200,부장급,예,남,기혼,4년제졸
5000,과장급,예,남,기혼,전문대졸
4800,대리급,예,남,기혼,4년제졸
5000,과장급,예,남,기혼,전문대졸
4200,대리급,예,남,기혼,전문대졸
3000,사원급,예,남,미혼,인문고졸
3700,과장급,아니오,여,기혼,4년제졸
4500,과장급,아니오,남,기혼,4년제졸
NA,대리급,아니오,남,미혼,4년제졸
3900,대리급,아니오,남,미혼,4년제졸
NA,주임/계장,아니오,남,미혼,인문고졸
NA,대리급,예,남,미혼,전문대졸
NA,차장급,아니오,남,기혼,전문대졸
NA,사원급,아니오,남,미혼,4년제졸
3200,주임/계장,아니오,남,미혼,4년제졸
NA,부장급,아니오,남,미혼,4년제졸
4400,주임/계장,아니오,남,기혼,전문대졸
NA,주임/계장,아니오,남,기혼,공고졸
4000,주임/계장,아니오,여,기혼,인문고졸
3500,차장급,아니오,남,기혼,4년제졸
NA,사원급,아니오,남,미혼,4년제졸
3200,과장급,아니오,남,기혼,4년제졸
2600,대리급,아니오,여,미혼,전문대졸
2430,사원급,아니오,남,미혼,4년제졸
3500,과장급,예,남,기혼,4년제졸
2269,사원급,아니오,여,기혼,4년제졸
NA,사원급,아니오,여,기혼,전문대졸
3000,차장급,예,여,미혼,4년제졸
NA,부장급,아니오,남,기혼,전문대졸
NA,대리급,아니오,남,기혼,공고졸
NA,사원급,아니오,남,기혼,전문대졸
NA,과장급,아니오,남,미혼,전문대졸
NA,주임/계장,아니오,남,기혼,전문대졸
NA,사원급,아니오,여,미혼,4년제졸
NA,대리급,아니오,남,미혼,4년제졸
3900,과장급,아니오,남,기혼,4년제졸
NA,과장급,아니오,남,기혼,4년제졸
NA,사원급,아니오,여,미혼,4년제졸
NA,대리급,아니오,남,기혼,전문대졸
NA,사원급,아니오,남,미혼,전문대졸
NA,사원급,아니오,남,미혼,전문대졸
NA,사원급,아니오,남,미혼,공고졸
NA,주임/계장,아니오,남,미혼,전문대졸
NA,사원급,아니오,남,미혼,전문대졸
NA,주임/계장,아니오,남,기혼,전문대졸
NA,주임/계장,아니오,남,기혼,전문대졸
NA,대리급,아니오,남,미혼,전문대졸
NA,사원급,아니오,여,미혼,전문대졸
NA,대리급,아니오,여,미혼,공고졸
NA,사원급,아니오,여,미혼,전문대졸
NA,사원급,아니오,여,미혼,전문대졸
NA,사원급,아니오,남,미혼,공고졸
NA,사원급,아니오,여,미혼,4년제졸
NA,사원급,아니오,여,미혼,전문대졸
NA,사원급,아니오,남,미혼,전문대졸
NA,주임/계장,아니오,여,기혼,전문대졸
NA,주임/계장,아니오,남,미혼,전문대졸
NA,차장급,아니오,남,기혼,4년제졸
NA,사원급,아니오,남,미혼,전문대졸
NA,사원급,아니오,남,미혼,4년제졸
NA,대리급,아니오,남,미혼,전문대졸
NA,주임/계장,아니오,남,미혼,공고졸
NA,대리급,아니오,남,기혼,4년제졸
NA,대리급,아니오,남,기혼,4년제졸
NA,사원급,아니오,남,미혼,전문대졸
2180,과장급,아니오,여,미혼,4년제졸
1736,대리급,아니오,여,미혼,전문대졸
1350,대리급,아니오,여,미혼,4년제졸
1950,대리급,예,여,미혼,전문대졸
2100,사원급,아니오,여,미혼,인문고졸
1700,사원급,아니오,남,미혼,4년제졸
2416,과장급,예,여,미혼,석사졸
2113,대리급,아니오,여,미혼,4년제졸
1900,대리급,아니오,여,미혼,4년제졸
1600,주임/계장,아니오,여,미혼,전문대졸
1962,과장급,아니오,여,미혼,기타 실업고졸
NA,사원급,아니오,여,미혼,4년제졸
2220,주임/계장,예,여,미혼,4년제졸
NA,사원급,예,여,미혼,기타 실업고졸
NA,사원급,아니오,여,미혼,인문고졸
1718,사원급,예,여,기혼,4년제졸
1950,사원급,아니오,여,미혼,4년제졸
2217,대리급,아니오,남,미혼,4년제졸
NA,사원급,예,남,미혼,4년제졸
1953,주임/계장,예,여,미혼,인문고졸
2137,대리급,아니오,남,미혼,석사졸
NA,사원급,아니오,남,미혼,인문고졸
2800,차장급,예,남,미혼,4년제졸
1800,사원급,예,여,미혼,기타 실업고졸
2000,차장급,아니오,여,미혼,석사졸
2160,과장급,예,남,미혼,석사졸
1829,사원급,예,여,미혼,4년제졸
4200,과장급,아니오,여,미혼,4년제졸
3600,대리급,예,여,미혼,4년제졸
NA,과장급,아니오,남,기혼,전문대졸
NA,사원급,아니오,여,미혼,4년제졸
6000,부장급,아니오,남,기혼,4년제졸
4500,대리급,아니오,남,기혼,전문대졸
NA,주임/계장,아니오,남,미혼,4년제졸
6100,부장급,아니오,남,기혼,전문대졸
2500,사원급,예,남,기혼,4년제졸
NA,사원급,예,남,미혼,4년제졸
2650,주임/계장,예,남,기혼,4년제졸
3300,대리급,예,여,기혼,4년제졸
2880,사원급,아니오,남,미혼,4년제졸
3637,대리급,예,남,기혼,전문대졸
NA,사원급,아니오,남,미혼,4년제졸
3600,대리급,아니오,남,기혼,4년제졸
3000,주임/계장,아니오,남,기혼,4년제졸
4660,과장급,예,남,미혼,공고졸
5230,과장급,예,남,기혼,전문대졸
5200,과장급,예,남,기혼,전문대졸
4800,대리급,예,남,기혼,전문대졸
4700,대리급,예,여,기혼,4년제졸
5000,과장급,아니오,남,미혼,4년제졸
11000,부장급,아니오,남,기혼,석사졸
10000,부장급,아니오,남,기혼,4년제졸
6000,대리급,아니오,남,기혼,4년제졸
7000,과장급,아니오,남,기혼,4년제졸
7000,과장급,아니오,여,기혼,4년제졸
6900,대리급,아니오,여,미혼,4년제졸
5500,대리급,아니오,여,미혼,석사졸
5500,대리급,아니오,여,기혼,4년제졸
10000,부장급,예,남,기혼,석사졸
10000,부장급,아니오,남,기혼,석사졸
NA,부장급,아니오,남,기혼,석사졸
8000,차장급,아니오,남,기혼,석사졸
7000,과장급,아니오,여,기혼,4년제졸
10000,부장급,예,남,기혼,석사졸
5500,과장급,아니오,여,미혼,기타 실업고졸
7200,부장급,아니오,여,기혼,4년제졸
NA,차장급,아니오,여,기혼,4년제졸
7000,과장급,예,남,미혼,4년제졸
7000,과장급,예,여,기혼,4년제졸
7000,과장급,아니오,여,미혼,4년제졸
5900,사원급,아니오,여,미혼,4년제졸
11000,부장급,예,남,기혼,4년제졸
12000,부장급,아니오,남,기혼,4년제졸
8000,차장급,아니오,남,기혼,4년제졸
NA,대리급,아니오,여,기혼,석사졸
NA,대리급,아니오,여,기혼,석사졸
6500,대리급,아니오,남,미혼,석사졸
7000,차장급,아니오,남,기혼,4년제졸
7000,차장급,아니오,남,기혼,석사졸
8000,부장급,아니오,남,기혼,4년제졸
9000,부장급,예,남,기혼,전문대졸
NA,생산직 반장급,아니오,남,기혼,4년제졸
9000,생산직 반장급,아니오,남,기혼,전문대졸
7000,생산직 반장급,예,남,기혼,전문대졸
5900,사원급,아니오,남,미혼,4년제졸
9000,생산직 반장급,아니오,남,기혼,4년제졸
NA,생산직 반장급,아니오,남,기혼,전문대졸
NA,생산직 반장급,아니오,남,기혼,전문대졸
10000,생산직 반장급,아니오,남,기혼,전문대졸
NA,부장급,아니오,남,기혼,전문대졸
5900,사원급,아니오,남,미혼,전문대졸
NA,사원급,아니오,남,기혼,전문대졸
8000,사원급,아니오,남,기혼,전문대졸
5000,사원급,아니오,남,기혼,전문대졸
9000,사원급,아니오,남,기혼,전문대졸
7000,사원급,아니오,남,기혼,전문대졸
8000,생산직 반장급,아니오,남,기혼,전문대졸
8000,생산직 반장급,아니오,남,기혼,전문대졸
12000,부장급,아니오,남,기혼,4년제졸
12000,생산직 반장급,예,남,기혼,전문대졸
NA,사원급,아니오,남,기혼,기타 실업고졸
NA,사원급,아니오,남,기혼,인문고졸
NA,사원급,예,남,기혼,공고졸
NA,사원급,아니오,남,기혼,인문고졸
11000,사원급,아니오,남,기혼,전문대졸
NA,사원급,아니오,남,기혼,기타 실업고졸
10000,사원급,아니오,남,기혼,공고졸
10000,사원급,아니오,남,기혼,전문대졸
6400,부장급,아니오,여,기혼,석사졸
5500,차장급,아니오,여,기혼,4년제졸
3200,대리급,아니오,여,기혼,4년제졸
2600,사원급,아니오,여,미혼,4년제졸
2600,사원급,아니오,여,미혼,4년제졸
4000,주임/계장,아니오,여,미혼,전문대졸
3800,대리급,아니오,여,미혼,전문대졸
2800,사원급,아니오,여,미혼,4년제졸
2800,사원급,아니오,남,미혼,석사졸
4500,과장급,아니오,남,기혼,4년제졸
2800,주임/계장,아니오,남,이혼,전문대졸
3300,대리급,아니오,남,기혼,4년제졸
3200,대리급,아니오,남,기혼,전문대졸
NA,차장급,아니오,남,기혼,전문대졸
4500,과장급,아니오,남,기혼,4년제졸
3500,대리급,아니오,남,미혼,4년제졸
3300,대리급,아니오,남,기혼,4년제졸
3000,사원급,아니오,남,미혼,4년제졸
2500,사원급,아니오,여,미혼,4년제졸
NA,대리급,아니오,남,미혼,4년제졸
2800,사원급,아니오,남,미혼,4년제졸
3000,주임/계장,아니오,남,미혼,4년제졸
NA,사원급,아니오,남,미혼,4년제졸
3000,주임/계장,아니오,남,기혼,4년제졸
3000,주임/계장,예,남,미혼,4년제졸
2900,사원급,아니오,남,미혼,4년제졸
2900,주임/계장,아니오,남,미혼,4년제졸
2800,사원급,아니오,남,미혼,4년제졸
3000,주임/계장,아니오,남,기혼,4년제졸
NA,사원급,아니오,남,미혼,4년제졸
3100,주임/계장,아니오,남,미혼,4년제졸
3500,대리급,아니오,남,기혼,4년제졸
3000,주임/계장,아니오,남,기혼,4년제졸
3000,주임/계장,아니오,여,미혼,4년제졸
5000,부장급,아니오,남,기혼,4년제졸
3500,대리급,아니오,여,미혼,4년제졸
3200,주임/계장,아니오,여,미혼,4년제졸
5000,부장급,예,남,기혼,전문대졸
4700,차장급,아니오,남,기혼,4년제졸
3300,주임/계장,아니오,남,미혼,4년제졸
3000,주임/계장,아니오,여,미혼,4년제졸
4500,과장급,아니오,남,기혼,4년제졸
NA,사원급,아니오,남,미혼,4년제졸
2300,사원급,예,여,미혼,전문대졸
3500,대리급,아니오,남,기혼,4년제졸
3500,대리급,아니오,여,미혼,4년제졸
2900,사원급,아니오,남,미혼,4년제졸
NA,사원급,아니오,여,미혼,4년제졸
2900,주임/계장,아니오,여,미혼,4년제졸
4000,과장급,아니오,남,미혼,4년제졸
3000,대리급,아니오,남,기혼,전문대졸
3500,대리급,아니오,남,기혼,4년제졸
3200,사원급,아니오,남,미혼,4년제졸
3800,주임/계장,아니오,남,기혼,전문대졸
3600,대리급,아니오,남,기혼,전문대졸
3900,대리급,아니오,남,기혼,4년제졸
8900,부장급,아니오,남,기혼,석사졸
9600,과장급,예,남,기혼,4년제졸
9000,부장급,아니오,여,미혼,석사졸
6000,대리급,아니오,남,미혼,4년제졸
9000,부장급,아니오,남,기혼,4년제졸
6000,대리급,아니오,남,기혼,4년제졸
10000,부장급,아니오,남,기혼,4년제졸
3146,사원급,예,남,기혼,4년제졸
4800,대리급,아니오,남,기혼,4년제졸
8000,차장급,아니오,남,기혼,4년제졸
NA,사원급,예,남,기혼,4년제졸
5167,대리급,아니오,남,미혼,4년제졸
8000,차장급,아니오,남,기혼,4년제졸
6000,대리급,아니오,남,기혼,4년제졸
5000,대리급,아니오,여,미혼,전문대졸
3000,사원급,아니오,남,미혼,4년제졸
9198,차장급,아니오,남,기혼,4년제졸
2600,사원급,아니오,남,미혼,4년제졸
3022,사원급,아니오,남,미혼,4년제졸
5000,대리급,아니오,남,미혼,4년제졸
7000,과장급,예,여,미혼,석사졸
9000,부장급,아니오,남,기혼,전문대졸
5672,과장급,아니오,남,기혼,전문대졸
6500,대리급,예,남,기혼,4년제졸
5164,대리급,아니오,남,기혼,4년제졸
3360,대리급,예,남,기혼,전문대졸
6000,대리급,아니오,남,기혼,4년제졸
6600,과장급,아니오,남,기혼,전문대졸
4977,대리급,예,남,미혼,4년제졸
5500,과장급,아니오,남,기혼,공고졸
NA,과장급,아니오,남,기혼,전문대졸
NA,주임/계장,아니오,남,기혼,4년제졸
5700,과장급,아니오,남,기혼,4년제졸
5000,과장급,아니오,남,기혼,4년제졸
9000,부장급,아니오,남,기혼,4년제졸
2900,사원급,아니오,여,기혼,전문대졸
2400,사원급,아니오,여,기혼,기타 실업고졸
2800,사원급,아니오,여,기혼,공고졸
8000,부장급,아니오,남,기혼,4년제졸
3872,대리급,예,남,이혼,석사졸
5000,과장급,아니오,남,기혼,4년제졸
2342,대리급,예,남,기혼,4년제졸
1900,사원급,아니오,여,미혼,4년제졸
2800,주임/계장,아니오,여,미혼,4년제졸
6400,차장급,아니오,남,기혼,4년제졸
4000,대리급,아니오,여,기혼,4년제졸
3700,대리급,아니오,남,기혼,4년제졸
3200,주임/계장,아니오,여,기혼,4년제졸
6000,차장급,아니오,남,기혼,4년제졸
3800,대리급,아니오,여,기혼,4년제졸
7000,차장급,아니오,남,미혼,4년제졸
5907,과장급,예,남,기혼,4년제졸
3000,사원급,예,남,기혼,석사졸
5800,과장급,아니오,남,기혼,4년제졸
NA,과장급,아니오,여,미혼,4년제졸
2640,주임/계장,예,남,미혼,4년제졸
7000,차장급,아니오,남,기혼,석사졸
6500,차장급,예,남,기혼,전문대졸
2900,주임/계장,예,남,미혼,4년제졸
4800,대리급,아니오,남,기혼,4년제졸
3100,주임/계장,예,남,기혼,4년제졸
NA,차장급,예,남,미혼,전문대졸
3047,주임/계장,예,남,기혼,4년제졸
1560,사원급,아니오,여,미혼,4년제졸
3100,대리급,아니오,남,기혼,4년제졸
5900,과장급,아니오,남,기혼,전문대졸
6700,임원급,아니오,남,기혼,4년제졸
5200,부장급,예,남,기혼,4년제졸
4000,과장급,아니오,여,기혼,기타 실업고졸
5100,부장급,아니오,남,기혼,4년제졸
5600,부장급,아니오,남,기혼,4년제졸
3000,대리급,아니오,여,기혼,전문대졸
3900,과장급,아니오,남,기혼,4년제졸
5200,차장급,아니오,남,기혼,공고졸
3300,대리급,아니오,남,미혼,4년제졸
NA,대리급,아니오,남,기혼,인문고졸
3000,대리급,아니오,남,기혼,공고졸
2800,사원급,아니오,남,미혼,인문고졸
NA,차장급,아니오,남,기혼,공고졸
NA,과장급,아니오,남,미혼,공고졸
3100,사원급,아니오,남,기혼,공고졸
3560,대리급,아니오,남,기혼,공고졸
6700,부장급,아니오,남,기혼,4년제졸
NA,차장급,아니오,남,기혼,4년제졸
NA,사원급,아니오,여,미혼,전문대졸
NA,주임/계장,아니오,남,기혼,4년제졸
4500,과장급,아니오,남,기혼,석사졸
4500,과장급,예,남,기혼,4년제졸
2800,주임/계장,아니오,여,기혼,전문대졸
NA,사원급,아니오,여,미혼,전문대졸
NA,사원급,아니오,여,기혼,전문대졸
NA,사원급,예,여,미혼,기타 실업고졸
2800,사원급,아니오,남,미혼,4년제졸
NA,임원급,아니오,남,기혼,4년제졸
NA,사원급,예,여,미혼,전문대졸
4700,대리급,예,남,기혼,4년제졸
4840,과장급,아니오,남,기혼,전문대졸
NA,과장급,아니오,남,기혼,4년제졸
NA,사원급,아니오,여,미혼,4년제졸
5800,부장급,아니오,남,기혼,전문대졸
NA,사원급,예,여,미혼,전문대졸
NA,사원급,아니오,여,미혼,기타 실업고졸
NA,사원급,예,남,미혼,인문고졸
NA,사원급,예,남,미혼,인문고졸
2300,사원급,아니오,여,미혼,4년제졸
2200,사원급,아니오,여,미혼,전문대졸
2400,주임/계장,아니오,여,미혼,공고졸
3000,과장급,아니오,여,기혼,4년제졸
NA,사원급,아니오,남,기혼,석사졸
3000,대리급,아니오,남,기혼,전문대졸
5000,차장급,아니오,남,기혼,4년제졸
3000,사원급,아니오,남,미혼,4년제졸
NA,과장급,아니오,남,기혼,4년제졸
NA,대리급,아니오,남,미혼,4년제졸
NA,대리급,아니오,남,미혼,4년제졸
NA,대리급,아니오,남,미혼,4년제졸
4200,과장급,아니오,남,기혼,4년제졸
3300,대리급,아니오,남,미혼,4년제졸
2800,대리급,아니오,남,미혼,4년제졸
NA,과장급,아니오,남,미혼,4년제졸
NA,사원급,아니오,남,미혼,전문대졸
NA,사원급,아니오,여,미혼,4년제졸
NA,대리급,아니오,남,기혼,4년제졸
NA,과장급,아니오,여,미혼,4년제졸
3200,사원급,아니오,여,미혼,4년제졸
2000,대리급,아니오,여,기혼,전문대졸
NA,부장급,아니오,남,기혼,4년제졸
NA,과장급,아니오,여,기혼,전문대졸
NA,과장급,아니오,여,미혼,전문대졸
NA,과장급,예,여,미혼,전문대졸
3400,차장급,아니오,남,기혼,4년제졸
NA,대리급,아니오,여,미혼,전문대졸
NA,대리급,아니오,여,미혼,4년제졸
2000,사원급,아니오,여,미혼,인문고졸
NA,과장급,아니오,남,미혼,4년제졸
NA,과장급,아니오,남,미혼,전문대졸
NA,과장급,아니오,남,기혼,4년제졸
2640,대리급,아니오,남,기혼,전문대졸
NA,사원급,아니오,남,미혼,4년제졸
7000,부장급,아니오,남,기혼,4년제졸
7000,차장급,아니오,남,기혼,4년제졸
4200,대리급,예,남,기혼,4년제졸
5000,대리급,아니오,남,기혼,4년제졸
4500,대리급,예,여,기혼,4년제졸
2400,사원급,아니오,여,기혼,기타 실업고졸
2300,생산직 반장급,아니오,여,기혼,기타 실업고졸
5000,임원급,아니오,남,기혼,전문대졸
NA,사원급,아니오,여,미혼,전문대졸
5000,임원급,아니오,남,기혼,4년제졸
3300,과장급,아니오,남,기혼,전문대졸
2400,대리급,아니오,남,미혼,공고졸
4300,부장급,아니오,남,기혼,전문대졸
3000,과장급,아니오,남,기혼,인문고졸
2700,대리급,예,남,기혼,4년제졸
2700,주임/계장,아니오,여,미혼,인문고졸
2400,사원급,아니오,여,기혼,인문고졸
2000,사원급,예,여,기혼,기타 실업고졸
2000,사원급,예,여,기혼,기타 실업고졸
2400,사원급,예,여,기혼,기타 실업고졸
2400,사원급,예,여,기혼,기타 실업고졸
2400,사원급,예,여,기혼,인문고졸
NA,사원급,아니오,여,기혼,인문고졸
2800,주임/계장,아니오,남,미혼,인문고졸
NA,사원급,아니오,여,기혼,인문고졸
2000,사원급,예,여,기혼,인문고졸
2000,사원급,아니오,여,기혼,인문고졸
2000,사원급,예,여,기혼,기타 실업고졸
2700,사원급,아니오,여,기혼,기타 실업고졸
2700,생산직 반장급,예,여,기혼,기타 실업고졸
NA,사원급,아니오,여,기혼,인문고졸
2700,사원급,예,여,이혼,기타 실업고졸
2700,사원급,아니오,여,기혼,기타 실업고졸
2700,사원급,예,여,기혼,기타 실업고졸
2300,사원급,아니오,여,기혼,기타 실업고졸
NA,사원급,예,여,기혼,인문고졸
NA,사원급,예,여,기혼,공고졸
2200,사원급,예,여,기혼,공고졸
2700,사원급,예,여,미혼,기타 실업고졸
2200,과장급,아니오,여,기혼,인문고졸
2000,주임/계장,아니오,여,기혼,인문고졸
2500,주임/계장,아니오,여,기혼,기타 실업고졸
2300,사원급,아니오,여,기혼,인문고졸
2500,사원급,아니오,여,기혼,기타 실업고졸
NA,대리급,아니오,여,기혼,인문고졸
3200,사원급,아니오,남,기혼,공고졸
2400,사원급,아니오,여,기혼,인문고졸
2400,사원급,아니오,여,기혼,인문고졸
NA,사원급,아니오,여,미혼,기타 실업고졸
2400,사원급,아니오,여,기혼,인문고졸
NA,생산직 반장급,아니오,남,미혼,인문고졸
2800,주임/계장,예,여,기혼,기타 실업고졸
3300,주임/계장,아니오,남,미혼,공고졸
6240,부장급,아니오,남,기혼,석사졸
NA,사원급,아니오,여,미혼,4년제졸
6000,부장급,아니오,남,기혼,4년제졸
NA,사원급,아니오,남,미혼,4년제졸
3200,차장급,아니오,남,기혼,4년제졸
NA,사원급,아니오,남,기혼,4년제졸
10000,임원급,아니오,남,기혼,석사졸
3700,차장급,아니오,여,기혼,4년제졸
NA,사원급,아니오,여,미혼,4년제졸
3500,대리급,아니오,여,미혼,4년제졸
NA,차장급,아니오,여,기혼,4년제졸
NA,차장급,예,남,기혼,4년제졸
NA,부장급,아니오,여,기혼,4년제졸
6700,차장급,아니오,남,기혼,4년제졸
NA,차장급,아니오,남,기혼,4년제졸
NA,차장급,예,남,기혼,4년제졸
14000,임원급,예,남,기혼,4년제졸
NA,과장급,아니오,남,미혼,4년제졸
NA,차장급,예,여,미혼,4년제졸
3730,과장급,아니오,남,미혼,4년제졸
NA,대리급,아니오,남,미혼,4년제졸
2400,대리급,아니오,남,미혼,4년제졸
NA,사원급,예,여,미혼,4년제졸
NA,사원급,아니오,남,미혼,4년제졸
5800,부장급,아니오,남,기혼,전문대졸
NA,과장급,아니오,남,기혼,4년제졸
4400,차장급,아니오,남,미혼,4년제졸
2040,주임/계장,아니오,남,기혼,4년제졸
2200,주임/계장,아니오,여,기혼,전문대졸
NA,부장급,아니오,남,기혼,4년제졸
3800,과장급,아니오,남,기혼,4년제졸
2400,NA,아니오,남,미혼,4년제졸
NA,사원급,아니오,남,미혼,전문대졸
2600,주임/계장,아니오,여,미혼,4년제졸
NA,부장급,아니오,남,기혼,4년제졸
NA,과장급,아니오,남,미혼,4년제졸
NA,부장급,예,남,기혼,4년제졸
2860,주임/계장,예,남,미혼,4년제졸
5220,부장급,아니오,남,기혼,4년제졸
3140,대리급,아니오,남,기혼,4년제졸
3730,과장급,아니오,남,기혼,전문대졸
2850,주임/계장,아니오,남,미혼,전문대졸
NA,차장급,아니오,남,기혼,전문대졸
2750,주임/계장,아니오,남,미혼,전문대졸
3700,과장급,아니오,남,기혼,4년제졸
2880,생산직 반장급,아니오,여,기혼,기타 실업고졸
2866,사원급,아니오,여,기혼,기타 실업고졸
NA,사원급,아니오,여,기혼,인문고졸
NA,사원급,아니오,남,미혼,인문고졸
4900,차장급,아니오,남,미혼,인문고졸
4000,차장급,아니오,남,기혼,공고졸
NA,과장급,아니오,남,기혼,공고졸
4000,대리급,예,남,기혼,전문대졸
4800,차장급,아니오,남,기혼,공고졸
NA,과장급,예,남,기혼,공고졸
NA,차장급,아니오,남,기혼,4년제졸
NA,과장급,아니오,남,기혼,전문대졸
NA,과장급,아니오,남,기혼,공고졸
NA,부장급,아니오,남,기혼,공고졸
7500,부장급,예,남,기혼,4년제졸
4000,과장급,아니오,남,기혼,전문대졸
3800,대리급,아니오,여,미혼,4년제졸
4300,과장급,아니오,남,기혼,4년제졸
3000,차장급,아니오,여,미혼,4년제졸
3000,대리급,예,남,미혼,4년제졸
NA,사원급,아니오,여,미혼,4년제졸
NA,주임/계장,예,여,미혼,기타 실업고졸
4800,부장급,아니오,여,미혼,전문대졸
3500,과장급,예,남,기혼,4년제졸
2800,사원급,아니오,여,미혼,4년제졸
4000,과장급,아니오,남,기혼,4년제졸
NA,사원급,예,남,미혼,전문대졸
3500,과장급,아니오,남,기혼,4년제졸
2880,사원급,아니오,여,미혼,4년제졸
3420,대리급,아니오,여,미혼,4년제졸
NA,차장급,아니오,여,미혼,4년제졸
3600,과장급,아니오,여,기혼,4년제졸
2880,사원급,아니오,여,미혼,4년제졸
NA,사원급,아니오,여,미혼,4년제졸
NA,사원급,아니오,여,미혼,4년제졸
NA,차장급,아니오,남,미혼,인문고졸
NA,대리급,아니오,남,기혼,4년제졸
NA,차장급,아니오,여,미혼,4년제졸
2640,사원급,예,여,미혼,4년제졸
2600,사원급,예,여,미혼,전문대졸
3670,과장급,예,여,기혼,전문대졸
2800,주임/계장,아니오,여,기혼,4년제졸
NA,부장급,아니오,남,기혼,석사졸
3700,대리급,아니오,남,기혼,박사졸
3000,사원급,아니오,여,미혼,석사졸
NA,사원급,아니오,남,미혼,4년제졸
6000,과장급,아니오,남,기혼,석사졸
6500,부장급,아니오,남,기혼,4년제졸
3300,사원급,아니오,여,미혼,전문대졸
NA,과장급,아니오,남,기혼,인문고졸
6000,차장급,아니오,남,기혼,4년제졸
5000,과장급,예,남,기혼,4년제졸
3287,사원급,예,남,미혼,4년제졸
NA,과장급,예,여,기혼,4년제졸
6000,부장급,아니오,남,기혼,석사졸
NA,주임/계장,아니오,남,미혼,4년제졸
NA,주임/계장,예,남,미혼,4년제졸
NA,사원급,예,여,미혼,기타 실업고졸
9100,부장급,아니오,남,기혼,4년제졸
4790,부장급,아니오,남,기혼,4년제졸
2685,주임/계장,예,여,기혼,4년제졸
2891,과장급,아니오,남,기혼,전문대졸
NA,사원급,아니오,남,미혼,4년제졸
3800,과장급,아니오,여,기혼,전문대졸
2500,사원급,예,남,미혼,4년제졸
2600,주임/계장,아니오,여,미혼,4년제졸
NA,사원급,아니오,여,미혼,인문고졸
3600,대리급,예,남,기혼,4년제졸
2300,사원급,아니오,여,미혼,전문대졸
3789,과장급,아니오,여,기혼,4년제졸
2800,주임/계장,아니오,여,미혼,전문대졸
2971,과장급,아니오,남,기혼,전문대졸
NA,사원급,아니오,남,미혼,공고졸
2709,주임/계장,아니오,여,기혼,공고졸
4800,차장급,예,남,기혼,전문대졸
3500,대리급,아니오,남,기혼,전문대졸
3600,대리급,예,남,미혼,4년제졸
3700,과장급,예,남,기혼,전문대졸
3000,주임/계장,아니오,여,기혼,4년제졸
3600,과장급,아니오,남,미혼,4년제졸
3778,과장급,아니오,여,기혼,석사졸
2927,대리급,아니오,여,기혼,4년제졸
NA,사원급,아니오,여,미혼,전문대졸
9000,부장급,아니오,남,기혼,4년제졸
2200,사원급,아니오,여,미혼,전문대졸
2400,사원급,아니오,여,미혼,4년제졸
4100,대리급,아니오,남,미혼,4년제졸
3700,사원급,아니오,여,미혼,4년제졸
7000,부장급,아니오,남,기혼,기타 실업고졸
4000,대리급,아니오,남,미혼,4년제졸
5300,대리급,아니오,여,기혼,기타 실업고졸
5500,대리급,아니오,남,기혼,전문대졸
4000,주임/계장,예,여,기혼,기타 실업고졸
8457,부장급,예,남,기혼,4년제졸
4900,과장급,예,남,기혼,전문대졸
5000,대리급,아니오,여,기혼,기타 실업고졸
4500,주임/계장,아니오,여,미혼,기타 실업고졸
4500,대리급,아니오,남,기혼,전문대졸
8000,차장급,아니오,남,기혼,4년제졸
6500,대리급,아니오,남,기혼,전문대졸
5800,대리급,아니오,남,기혼,전문대졸
6000,과장급,아니오,남,기혼,기타 실업고졸
7000,차장급,아니오,남,기혼,4년제졸
9000,부장급,예,남,기혼,4년제졸
7000,주임/계장,아니오,남,기혼,공고졸
6900,생산직 반장급,아니오,남,기혼,공고졸
NA,생산직 반장급,아니오,남,기혼,전문대졸
7000,생산직 반장급,아니오,남,기혼,공고졸
7000,생산직 반장급,아니오,남,기혼,공고졸
6800,생산직 반장급,아니오,남,기혼,전문대졸
6500,주임/계장,아니오,남,기혼,공고졸
7000,생산직 반장급,아니오,남,기혼,공고졸
9000,부장급,아니오,남,기혼,4년제졸
7000,차장급,아니오,남,기혼,인문고졸
NA,과장급,예,남,기혼,4년제졸
NA,대리급,아니오,남,미혼,4년제졸
5300,주임/계장,아니오,남,기혼,인문고졸
5000,주임/계장,아니오,남,기혼,인문고졸
7000,주임/계장,예,남,기혼,공고졸
NA,차장급,아니오,남,기혼,4년제졸
8000,부장급,아니오,남,기혼,4년제졸
6800,생산직 반장급,예,남,기혼,공고졸
6000,과장급,아니오,남,기혼,공고졸
7000,대리급,아니오,남,기혼,공고졸
NA,대리급,아니오,남,기혼,공고졸
NA,대리급,아니오,남,기혼,공고졸
NA,과장급,아니오,남,기혼,공고졸
5500,주임/계장,아니오,남,기혼,기타 실업고졸
NA,차장급,아니오,남,기혼,공고졸
8000,부장급,아니오,남,기혼,4년제졸
6900,부장급,아니오,남,기혼,4년제졸
4180,대리급,아니오,남,미혼,4년제졸
6200,차장급,아니오,남,기혼,4년제졸
6000,과장급,아니오,남,기혼,전문대졸
4250,대리급,아니오,남,미혼,4년제졸
6000,차장급,아니오,남,기혼,4년제졸
5600,차장급,아니오,남,기혼,전문대졸
5000,생산직 반장급,아니오,남,기혼,전문대졸
3700,사원급,아니오,남,미혼,전문대졸
4130,주임/계장,아니오,남,미혼,공고졸
NA,부장급,아니오,남,기혼,4년제졸
NA,대리급,아니오,남,미혼,석사졸
NA,사원급,아니오,여,미혼,석사졸
NA,대리급,예,남,미혼,박사졸
NA,사원급,아니오,여,미혼,석사졸
5600,부장급,아니오,남,기혼,석사졸
3850,대리급,예,남,기혼,4년제졸
2400,사원급,아니오,남,미혼,공고졸
3800,대리급,예,남,기혼,4년제졸
5225,과장급,아니오,남,기혼,4년제졸
2700,주임/계장,아니오,여,미혼,4년제졸
NA,부장급,아니오,남,기혼,4년제졸
4700,과장급,아니오,남,기혼,4년제졸
NA,사원급,아니오,남,기혼,4년제졸
4500,차장급,아니오,남,기혼,석사졸
2500,주임/계장,예,여,미혼,4년제졸
5600,부장급,예,남,기혼,4년제졸
2400,사원급,예,여,미혼,4년제졸
4800,과장급,아니오,남,기혼,4년제졸
4000,대리급,예,여,기혼,4년제졸
5600,차장급,아니오,남,기혼,4년제졸
NA,대리급,아니오,남,기혼,박사졸
3000,주임/계장,아니오,남,미혼,석사졸
3000,주임/계장,아니오,남,미혼,4년제졸
NA,사원급,아니오,남,미혼,4년제졸
3000,대리급,아니오,여,미혼,4년제졸
2800,사원급,아니오,여,미혼,4년제졸
3800,대리급,예,남,기혼,4년제졸
2915,주임/계장,아니오,남,기혼,석사졸
5500,차장급,아니오,남,기혼,NA
3900,대리급,아니오,남,기혼,4년제졸
4000,대리급,아니오,남,미혼,전문대졸
3400,주임/계장,아니오,남,기혼,4년제졸
NA,사원급,아니오,남,미혼,4년제졸
4000,생산직 반장급,아니오,남,기혼,기타 실업고졸
4000,사원급,예,남,기혼,전문대졸
3500,사원급,아니오,남,기혼,인문고졸
NA,대리급,아니오,남,기혼,인문고졸
4000,생산직 반장급,아니오,남,기혼,전문대졸
3500,사원급,아니오,남,미혼,인문고졸
4000,사원급,아니오,남,기혼,공고졸
3500,사원급,아니오,남,미혼,전문대졸
4900,생산직 반장급,아니오,남,이혼,기타 실업고졸
4000,과장급,아니오,남,기혼,인문고졸
3780,주임/계장,아니오,남,미혼,전문대졸
3500,과장급,예,남,기혼,4년제졸
4200,차장급,아니오,남,기혼,공고졸
4100,대리급,아니오,남,기혼,4년제졸
NA,차장급,아니오,남,기혼,4년제졸
NA,주임/계장,아니오,남,미혼,4년제졸
NA,주임/계장,아니오,남,미혼,4년제졸
NA,주임/계장,아니오,여,미혼,4년제졸
2400,주임/계장,아니오,남,기혼,4년제졸
NA,대리급,예,남,기혼,4년제졸
NA,과장급,예,남,미혼,4년제졸
NA,과장급,아니오,남,기혼,석사졸
NA,차장급,아니오,남,기혼,공고졸
NA,대리급,아니오,남,기혼,전문대졸
NA,주임/계장,아니오,남,미혼,4년제졸
NA,주임/계장,아니오,남,미혼,4년제졸
NA,과장급,예,여,기혼,석사졸
NA,사원급,예,여,기혼,4년제졸
NA,사원급,아니오,여,미혼,4년제졸
NA,사원급,아니오,남,미혼,4년제졸
NA,사원급,아니오,여,미혼,4년제졸
NA,주임/계장,아니오,남,미혼,4년제졸
NA,사원급,아니오,여,미혼,기타 실업고졸
NA,사원급,예,남,미혼,4년제졸
NA,과장급,아니오,남,기혼,석사졸
NA,주임/계장,예,남,미혼,4년제졸
NA,주임/계장,아니오,남,미혼,4년제졸
6500,부장급,아니오,남,기혼,4년제졸
NA,주임/계장,아니오,남,기혼,4년제졸
NA,과장급,아니오,남,기혼,전문대졸
5136,차장급,예,남,기혼,4년제졸
NA,과장급,아니오,남,기혼,전문대졸
NA,주임/계장,아니오,남,기혼,전문대졸
5000,차장급,아니오,남,기혼,인문고졸
3360,주임/계장,아니오,남,미혼,인문고졸
NA,대리급,아니오,남,기혼,4년제졸
4700,대리급,예,남,미혼,인문고졸
4000,대리급,아니오,남,기혼,전문대졸
2640,주임/계장,예,남,미혼,공고졸
3000,사원급,아니오,남,기혼,전문대졸
NA,대리급,아니오,남,기혼,4년제졸
3000,사원급,아니오,남,미혼,인문고졸
2800,사원급,아니오,남,미혼,인문고졸
3900,생산직 반장급,아니오,남,미혼,기타 실업고졸
4000,생산직 반장급,아니오,남,미혼,공고졸
3000,사원급,아니오,남,미혼,공고졸
3500,생산직 반장급,아니오,남,미혼,인문고졸
2800,사원급,아니오,남,미혼,인문고졸
3200,사원급,아니오,남,미혼,인문고졸
NA,부장급,예,남,기혼,인문고졸
NA,대리급,아니오,남,기혼,인문고졸
NA,주임/계장,아니오,남,미혼,4년제졸
NA,사원급,아니오,여,기혼,기타 실업고졸
7000,임원급,아니오,남,기혼,4년제졸
3200,사원급,아니오,남,미혼,4년제졸
NA,사원급,아니오,남,미혼,4년제졸
NA,사원급,아니오,남,미혼,4년제졸
4000,과장급,아니오,남,기혼,4년제졸
NA,사원급,아니오,남,미혼,4년제졸
5000,부장급,아니오,남,기혼,4년제졸
4000,차장급,아니오,남,기혼,4년제졸
2900,사원급,아니오,여,미혼,전문대졸
NA,사원급,예,여,미혼,전문대졸
NA,사원급,예,남,미혼,4년제졸
NA,대리급,아니오,남,미혼,4년제졸
2520,사원급,아니오,남,미혼,4년제졸
3240,주임/계장,아니오,남,미혼,석사졸
2700,사원급,아니오,여,기혼,전문대졸
3120,사원급,아니오,남,미혼,4년제졸
3120,주임/계장,아니오,남,미혼,4년제졸
2040,사원급,아니오,여,미혼,4년제졸
2520,사원급,아니오,남,미혼,4년제졸
3900,과장급,아니오,남,기혼,전문대졸
3180,주임/계장,예,남,기혼,4년제졸
3600,대리급,예,남,기혼,석사졸
2796,사원급,예,남,미혼,4년제졸
3600,과장급,아니오,남,기혼,4년제졸
2800,사원급,아니오,남,미혼,4년제졸
5000,차장급,아니오,남,미혼,전문대졸
2200,사원급,예,여,미혼,전문대졸
NA,차장급,아니오,남,기혼,전문대졸
2700,생산직 반장급,아니오,여,기혼,중졸이하
2200,사원급,아니오,여,기혼,4년제졸
2300,사원급,아니오,여,기혼,인문고졸
NA,사원급,아니오,여,기혼,인문고졸
4200,사원급,예,남,기혼,공고졸
NA,사원급,아니오,남,기혼,4년제졸
NA,사원급,아니오,남,기혼,인문고졸
3500,사원급,아니오,남,기혼,전문대졸
3000,사원급,아니오,남,NA,전문대졸
NA,사원급,아니오,남,기혼,전문대졸
NA,사원급,아니오,남,미혼,4년제졸
NA,사원급,아니오,남,기혼,전문대졸
5000,차장급,아니오,남,기혼,전문대졸
4080,대리급,아니오,남,기혼,4년제졸
3800,대리급,예,남,기혼,4년제졸
NA,사원급,예,남,기혼,4년제졸
4800,차장급,아니오,남,기혼,전문대졸
2400,대리급,예,남,기혼,4년제졸
3200,사원급,아니오,남,미혼,4년제졸
7146,부장급,예,남,기혼,기타 실업고졸
NA,사원급,아니오,여,미혼,4년제졸
NA,사원급,예,남,미혼,4년제졸
3200,사원급,예,여,미혼,4년제졸
5000,차장급,아니오,남,기혼,4년제졸
NA,차장급,아니오,남,기혼,4년제졸
4000,생산직 반장급,아니오,남,기혼,기타 실업고졸
NA,사원급,아니오,남,미혼,인문고졸
4800,생산직 반장급,아니오,남,기혼,공고졸
3600,사원급,아니오,남,미혼,공고졸
3600,사원급,아니오,남,기혼,전문대졸
NA,생산직 반장급,아니오,남,기혼,공고졸
4500,생산직 반장급,아니오,남,기혼,전문대졸
NA,사원급,아니오,남,이혼,공고졸
3600,사원급,아니오,남,미혼,공고졸
4100,사원급,아니오,남,기혼,공고졸
4000,사원급,아니오,남,기혼,4년제졸
4500,사원급,아니오,남,기혼,인문고졸
NA,사원급,아니오,남,기혼,전문대졸
5000,생산직 반장급,아니오,남,기혼,공고졸
4000,사원급,아니오,여,이혼,인문고졸
4000,사원급,아니오,여,이혼,인문고졸
4000,사원급,아니오,여,이혼,인문고졸
4000,사원급,아니오,남,미혼,인문고졸
3600,사원급,아니오,여,미혼,기타 실업고졸
4500,사원급,아니오,여,기혼,기타 실업고졸
NA,생산직 반장급,아니오,남,기혼,공고졸
NA,생산직 반장급,아니오,남,기혼,전문대졸
NA,사원급,아니오,남,기혼,공고졸
4800,생산직 반장급,아니오,남,기혼,공고졸
4000,생산직 반장급,아니오,남,기혼,기타 실업고졸
4500,생산직 반장급,아니오,남,기혼,공고졸
4000,생산직 반장급,아니오,남,미혼,전문대졸
4000,생산직 반장급,아니오,남,기혼,전문대졸
NA,과장급,아니오,남,미혼,4년제졸
2817,주임/계장,아니오,여,미혼,4년제졸
4500,대리급,아니오,남,미혼,4년제졸
3900,대리급,아니오,남,기혼,4년제졸
4000,과장급,예,남,기혼,4년제졸
3300,주임/계장,아니오,여,기혼,전문대졸
2400,사원급,예,여,미혼,4년제졸
3100,주임/계장,예,남,미혼,4년제졸
2200,사원급,예,여,미혼,전문대졸
3300,대리급,아니오,남,미혼,전문대졸
2400,사원급,예,여,기혼,4년제졸
5400,차장급,아니오,남,기혼,전문대졸
4800,과장급,아니오,남,기혼,전문대졸
3000,주임/계장,예,남,미혼,4년제졸
3200,주임/계장,아니오,남,미혼,4년제졸
3500,대리급,아니오,여,미혼,4년제졸
3600,대리급,아니오,남,기혼,전문대졸
5100,차장급,아니오,남,기혼,전문대졸
4500,과장급,아니오,남,기혼,전문대졸
NA,사원급,아니오,남,미혼,전문대졸
4000,생산직 반장급,아니오,남,미혼,인문고졸
NA,사원급,아니오,남,미혼,인문고졸
NA,사원급,아니오,남,미혼,전문대졸
3000,생산직 반장급,아니오,남,기혼,공고졸
4500,과장급,아니오,남,기혼,전문대졸
NA,사원급,아니오,남,미혼,전문대졸
3500,사원급,아니오,남,기혼,전문대졸
NA,사원급,아니오,남,미혼,전문대졸
3400,사원급,아니오,남,미혼,기타 실업고졸
NA,사원급,아니오,여,기혼,공고졸
3200,생산직 반장급,예,남,기혼,전문대졸
NA,생산직 반장급,아니오,남,미혼,전문대졸
3200,사원급,예,남,기혼,4년제졸
2760,사원급,아니오,남,기혼,전문대졸
3000,사원급,아니오,남,미혼,전문대졸
2400,주임/계장,아니오,남,기혼,전문대졸
3000,사원급,아니오,남,기혼,인문고졸
NA,사원급,아니오,남,기혼,전문대졸
2400,사원급,아니오,남,기혼,전문대졸
3200,사원급,아니오,남,미혼,공고졸
6000,부장급,아니오,남,기혼,4년제졸
5000,차장급,아니오,남,기혼,4년제졸
6200,부장급,아니오,남,기혼,공고졸
3600,과장급,예,남,기혼,전문대졸
4100,과장급,예,남,기혼,4년제졸
3500,대리급,아니오,남,기혼,전문대졸
3100,대리급,아니오,남,미혼,4년제졸
6000,차장급,아니오,남,기혼,4년제졸
3400,대리급,아니오,남,기혼,4년제졸
4300,과장급,아니오,남,기혼,4년제졸
5300,차장급,예,남,미혼,4년제졸
3200,대리급,아니오,남,미혼,4년제졸
5600,부장급,아니오,남,기혼,전문대졸
6200,부장급,아니오,남,기혼,전문대졸
NA,차장급,예,남,기혼,4년제졸
4300,과장급,아니오,남,기혼,4년제졸
5000,차장급,아니오,남,기혼,전문대졸
4352,주임/계장,예,남,기혼,공고졸
2500,사원급,아니오,남,기혼,공고졸
2280,사원급,아니오,여,기혼,기타 실업고졸
3600,생산직 반장급,아니오,남,기혼,기타 실업고졸
3700,사원급,아니오,남,기혼,공고졸
NA,생산직 반장급,아니오,남,기혼,인문고졸
NA,사원급,아니오,남,기혼,기타 실업고졸
NA,사원급,아니오,남,기혼,공고졸
NA,사원급,아니오,남,기혼,전문대졸
4000,주임/계장,아니오,남,기혼,전문대졸
3000,사원급,아니오,남,기혼,공고졸
NA,사원급,아니오,남,미혼,전문대졸
3000,사원급,아니오,남,기혼,공고졸
2700,사원급,아니오,남,기혼,전문대졸
NA,사원급,아니오,남,기혼,전문대졸
NA,사원급,아니오,남,미혼,전문대졸
2900,사원급,아니오,남,기혼,전문대졸
NA,사원급,아니오,남,NA,전문대졸
NA,주임/계장,예,남,기혼,인문고졸
3500,사원급,아니오,남,기혼,기타 실업고졸
2800,사원급,아니오,남,기혼,공고졸
2800,사원급,아니오,여,미혼,기타 실업고졸
NA,사원급,아니오,남,미혼,공고졸
NA,사원급,아니오,남,기혼,공고졸
2800,사원급,아니오,남,기혼,공고졸
3600,NA,아니오,남,기혼,공고졸
3700,사원급,아니오,남,기혼,인문고졸
4000,차장급,예,남,미혼,4년제졸
4000,임원급,아니오,남,기혼,기타 실업고졸
NA,사원급,아니오,여,기혼,기타 실업고졸
3500,차장급,아니오,남,기혼,4년제졸
3200,과장급,아니오,여,기혼,기타 실업고졸
NA,과장급,아니오,남,미혼,인문고졸
NA,차장급,아니오,남,기혼,4년제졸
4000,과장급,예,남,기혼,4년제졸
3200,생산직 반장급,아니오,남,미혼,인문고졸
NA,생산직 반장급,아니오,남,기혼,기타 실업고졸
NA,주임/계장,아니오,남,미혼,기타 실업고졸
2400,대리급,아니오,남,기혼,인문고졸
2000,주임/계장,아니오,여,기혼,인문고졸
6400,부장급,아니오,남,기혼,4년제졸
5300,과장급,아니오,남,기혼,4년제졸
3300,사원급,아니오,남,미혼,인문고졸
6500,부장급,아니오,남,기혼,4년제졸
5300,과장급,아니오,남,기혼,석사졸
5000,과장급,예,남,기혼,4년제졸
6500,부장급,예,남,기혼,4년제졸
NA,부장급,아니오,남,기혼,4년제졸
NA,대리급,아니오,남,기혼,전문대졸
5600,차장급,아니오,남,기혼,4년제졸
5800,차장급,예,남,기혼,기타 실업고졸
5400,생산직 반장급,아니오,남,기혼,인문고졸
5000,사원급,아니오,남,미혼,인문고졸
5200,생산직 반장급,아니오,남,기혼,공고졸
5400,사원급,아니오,남,기혼,전문대졸
5200,사원급,아니오,남,미혼,인문고졸
5600,생산직 반장급,아니오,남,기혼,인문고졸
5500,생산직 반장급,아니오,남,기혼,기타 실업고졸
4900,생산직 반장급,아니오,남,기혼,공고졸
5000,부장급,아니오,남,기혼,전문대졸
5000,차장급,예,남,기혼,4년제졸
3300,사원급,예,남,미혼,4년제졸
7200,임원급,아니오,남,기혼,전문대졸
5000,차장급,아니오,남,기혼,4년제졸
4000,대리급,아니오,남,기혼,4년제졸
NA,차장급,아니오,남,기혼,4년제졸
4300,대리급,아니오,남,기혼,4년제졸
4000,대리급,아니오,남,기혼,4년제졸
4000,생산직 반장급,아니오,남,기혼,전문대졸
2900,사원급,아니오,남,기혼,중졸이하
NA,사원급,아니오,남,기혼,기타 실업고졸
3700,사원급,아니오,남,기혼,공고졸
3000,사원급,아니오,남,미혼,중졸이하
3000,사원급,아니오,남,기혼,기타 실업고졸
NA,사원급,아니오,남,미혼,기타 실업고졸
4500,과장급,아니오,남,기혼,4년제졸
4400,대리급,아니오,남,기혼,4년제졸
3400,사원급,아니오,남,미혼,4년제졸
4000,사원급,아니오,남,기혼,4년제졸
4000,대리급,아니오,여,미혼,석사졸
7000,차장급,아니오,남,기혼,4년제졸
4300,대리급,아니오,남,기혼,4년제졸
3500,사원급,아니오,남,미혼,4년제졸
5100,과장급,아니오,남,미혼,4년제졸
3600,사원급,아니오,남,미혼,4년제졸
4054,대리급,예,남,기혼,4년제졸
4500,대리급,아니오,남,기혼,4년제졸
4000,사원급,아니오,남,미혼,전문대졸
4800,대리급,아니오,남,미혼,4년제졸
4000,생산직 반장급,아니오,남,기혼,공고졸
4000,사원급,아니오,남,기혼,인문고졸
4000,사원급,아니오,남,이혼,공고졸
3200,생산직 반장급,아니오,남,미혼,인문고졸
4000,사원급,아니오,남,기혼,인문고졸
4500,사원급,아니오,남,기혼,인문고졸
4800,사원급,아니오,남,기혼,중졸이하
4000,생산직 반장급,아니오,남,기혼,공고졸
4900,생산직 반장급,아니오,남,기혼,인문고졸
4000,사원급,아니오,남,기혼,인문고졸
3800,생산직 반장급,아니오,남,기혼,기타 실업고졸
5000,사원급,아니오,남,기혼,인문고졸
4000,생산직 반장급,아니오,남,기혼,공고졸
3900,사원급,예,남,기혼,공고졸
3100,사원급,아니오,남,기혼,공고졸
NA,주임/계장,아니오,남,미혼,전문대졸
4100,주임/계장,아니오,남,기혼,공고졸
4500,생산직 반장급,아니오,남,기혼,중졸이하
5000,생산직 반장급,아니오,남,기혼,인문고졸
3500,사원급,아니오,남,미혼,인문고졸
4600,생산직 반장급,아니오,남,기혼,인문고졸
4500,생산직 반장급,아니오,남,기혼,중졸이하
3500,사원급,아니오,남,기혼,중졸이하
3800,사원급,아니오,남,기혼,전문대졸
NA,주임/계장,아니오,남,기혼,인문고졸
4500,생산직 반장급,아니오,남,기혼,인문고졸
6500,차장급,아니오,남,기혼,인문고졸
4300,대리급,아니오,남,기혼,4년제졸
2500,사원급,아니오,여,미혼,전문대졸
3500,사원급,예,남,미혼,4년제졸
5000,대리급,예,남,기혼,4년제졸
3950,사원급,아니오,남,미혼,4년제졸
4000,대리급,아니오,남,기혼,4년제졸
5000,부장급,아니오,남,기혼,석사졸
4000,차장급,아니오,남,기혼,4년제졸
NA,사원급,예,남,미혼,4년제졸
NA,사원급,예,여,미혼,4년제졸
4000,과장급,예,남,기혼,전문대졸
NA,사원급,아니오,여,미혼,4년제졸
NA,대리급,아니오,남,기혼,4년제졸
NA,사원급,예,여,미혼,4년제졸
4800,부장급,아니오,남,기혼,기타 실업고졸
NA,주임/계장,아니오,남,미혼,4년제졸
3500,과장급,아니오,남,기혼,공고졸
3700,주임/계장,아니오,남,기혼,공고졸
NA,주임/계장,아니오,남,미혼,공고졸
3800,대리급,아니오,남,기혼,인문고졸
NA,주임/계장,아니오,남,미혼,인문고졸
3400,주임/계장,아니오,남,미혼,공고졸
2200,사원급,아니오,여,이혼,기타 실업고졸
NA,사원급,아니오,여,기혼,기타 실업고졸
4600,차장급,예,남,기혼,공고졸
2500,사원급,아니오,여,기혼,중졸이하
2700,사원급,아니오,여,기혼,전문대졸
NA,사원급,아니오,여,기혼,중졸이하
2500,사원급,아니오,여,기혼,공고졸
3500,주임/계장,예,남,기혼,공고졸
3300,주임/계장,아니오,남,미혼,공고졸
2500,사원급,아니오,여,기혼,인문고졸
NA,대리급,아니오,남,미혼,4년제졸
7800,과장급,아니오,남,기혼,4년제졸
7300,과장급,아니오,남,기혼,4년제졸
5700,대리급,아니오,남,기혼,4년제졸
3240,사원급,아니오,여,미혼,4년제졸
4000,사원급,아니오,여,미혼,4년제졸
5000,과장급,아니오,남,기혼,4년제졸
4000,대리급,아니오,남,미혼,4년제졸
NA,과장급,아니오,남,기혼,4년제졸
8400,차장급,아니오,남,기혼,4년제졸
NA,대리급,아니오,여,미혼,석사졸
6500,차장급,예,여,기혼,4년제졸
6170,과장급,아니오,남,미혼,4년제졸
6000,차장급,아니오,남,기혼,4년제졸
5000,대리급,아니오,남,미혼,4년제졸
9900,부장급,아니오,남,기혼,4년제졸
7200,과장급,아니오,남,기혼,4년제졸
4000,대리급,아니오,여,기혼,전문대졸
4600,대리급,아니오,여,미혼,4년제졸
8000,차장급,아니오,남,기혼,4년제졸
5000,과장급,아니오,남,미혼,4년제졸
10000,부장급,아니오,남,기혼,4년제졸
11000,부장급,예,남,기혼,4년제졸
5481,차장급,예,남,기혼,4년제졸
7800,차장급,아니오,남,기혼,박사졸
NA,대리급,아니오,여,기혼,4년제졸
NA,대리급,아니오,여,기혼,4년제졸
2200,사원급,아니오,여,미혼,4년제졸
NA,사원급,예,여,미혼,석사졸
4500,대리급,아니오,여,미혼,4년제졸
5000,차장급,예,남,기혼,4년제졸
NA,사원급,아니오,남,미혼,4년제졸
NA,사원급,아니오,여,미혼,4년제졸
NA,대리급,아니오,여,미혼,4년제졸
9000,부장급,예,남,기혼,4년제졸
3360,대리급,예,남,미혼,4년제졸
NA,대리급,아니오,여,미혼,석사졸
NA,사원급,아니오,여,미혼,4년제졸
NA,사원급,아니오,여,미혼,4년제졸
1800,사원급,아니오,여,미혼,전문대졸
NA,사원급,아니오,여,미혼,4년제졸
NA,사원급,아니오,여,미혼,4년제졸
NA,임원급,아니오,남,기혼,4년제졸
3000,주임/계장,아니오,여,미혼,전문대졸
NA,사원급,예,여,미혼,전문대졸
NA,과장급,아니오,여,기혼,4년제졸
NA,사원급,아니오,여,미혼,4년제졸
NA,사원급,아니오,남,미혼,4년제졸
NA,사원급,아니오,여,미혼,4년제졸
NA,사원급,아니오,여,미혼,4년제졸
3500,차장급,아니오,남,기혼,4년제졸
NA,부장급,예,남,기혼,4년제졸
NA,사원급,예,남,미혼,4년제졸
3200,사원급,예,남,미혼,4년제졸
3000,대리급,예,여,미혼,4년제졸
6500,부장급,예,남,기혼,4년제졸
3500,대리급,아니오,남,미혼,4년제졸
5000,부장급,아니오,남,기혼,4년제졸
NA,임원급,아니오,남,기혼,4년제졸
NA,부장급,아니오,남,기혼,4년제졸
NA,과장급,예,남,기혼,4년제졸
NA,부장급,예,남,이혼,4년제졸
NA,차장급,예,남,기혼,석사졸
NA,부장급,예,남,기혼,4년제졸
5200,부장급,예,남,기혼,4년제졸
7200,차장급,아니오,남,기혼,4년제졸
NA,대리급,아니오,남,기혼,4년제졸
NA,대리급,아니오,남,기혼,4년제졸
5500,차장급,아니오,남,기혼,4년제졸
NA,차장급,아니오,남,기혼,4년제졸
3800,과장급,아니오,남,기혼,4년제졸
4000,차장급,아니오,남,미혼,박사졸
NA,사원급,아니오,남,미혼,4년제졸
NA,사원급,예,여,미혼,기타 실업고졸
5000,부장급,아니오,남,기혼,전문대졸
3500,대리급,예,남,기혼,4년제졸
2300,사원급,예,여,미혼,기타 실업고졸
4000,과장급,아니오,남,미혼,4년제졸
NA,사원급,아니오,남,미혼,4년제졸
3600,대리급,아니오,남,기혼,4년제졸
5000,차장급,예,남,기혼,4년제졸
4200,생산직 반장급,아니오,남,기혼,기타 실업고졸
3000,사원급,아니오,남,미혼,인문고졸
4100,사원급,아니오,남,미혼,공고졸
4100,사원급,아니오,남,미혼,4년제졸
NA,사원급,아니오,남,미혼,4년제졸
NA,사원급,아니오,남,기혼,4년제졸
NA,사원급,아니오,남,기혼,4년제졸
4100,사원급,아니오,남,미혼,공고졸
4200,과장급,아니오,남,기혼,전문대졸
3600,대리급,아니오,남,기혼,4년제졸
4200,과장급,아니오,남,기혼,4년제졸
4800,차장급,아니오,남,기혼,4년제졸
3000,사원급,아니오,여,기혼,4년제졸
NA,사원급,아니오,남,미혼,4년제졸
NA,사원급,아니오,남,미혼,4년제졸
NA,사원급,아니오,남,기혼,4년제졸
NA,부장급,아니오,남,기혼,4년제졸
NA,사원급,아니오,여,미혼,4년제졸
NA,부장급,아니오,남,미혼,4년제졸
3700,과장급,아니오,남,기혼,4년제졸
4900,부장급,아니오,남,기혼,석사졸
3200,과장급,아니오,남,기혼,석사졸
NA,주임/계장,아니오,남,미혼,전문대졸
NA,과장급,아니오,남,기혼,전문대졸
NA,과장급,예,남,기혼,전문대졸
3900,대리급,예,남,미혼,전문대졸
3660,대리급,아니오,남,기혼,공고졸
NA,과장급,아니오,남,기혼,전문대졸
NA,과장급,아니오,남,기혼,전문대졸
NA,과장급,아니오,남,기혼,전문대졸
2400,대리급,아니오,남,기혼,전문대졸
NA,사원급,아니오,남,기혼,기타 실업고졸
4500,과장급,예,남,기혼,공고졸
3800,과장급,아니오,남,기혼,4년제졸
4000,부장급,아니오,남,미혼,전문대졸
2900,대리급,아니오,여,미혼,4년제졸
3200,대리급,아니오,남,기혼,4년제졸
3600,과장급,아니오,여,기혼,전문대졸
3900,과장급,아니오,남,기혼,4년제졸
2800,사원급,예,남,미혼,전문대졸
3290,대리급,아니오,남,기혼,4년제졸
4500,부장급,아니오,남,기혼,4년제졸
NA,사원급,아니오,남,미혼,4년제졸
3200,대리급,아니오,남,기혼,4년제졸
NA,사원급,아니오,남,미혼,4년제졸
3000,대리급,아니오,남,기혼,4년제졸
3900,과장급,아니오,남,기혼,4년제졸
4000,과장급,아니오,남,기혼,4년제졸
2500,사원급,아니오,남,기혼,공고졸
3700,생산직 반장급,예,남,기혼,4년제졸
3600,생산직 반장급,예,남,기혼,전문대졸
4050,주임/계장,예,남,기혼,공고졸
NA,생산직 반장급,아니오,남,기혼,공고졸
7200,차장급,아니오,남,기혼,4년제졸
3500,대리급,예,여,미혼,4년제졸
NA,주임/계장,아니오,여,미혼,4년제졸
3800,주임/계장,예,여,미혼,4년제졸
NA,차장급,아니오,남,기혼,4년제졸
7000,과장급,아니오,남,기혼,기타 실업고졸
4300,과장급,아니오,남,기혼,4년제졸
10175,부장급,아니오,남,기혼,석사졸
9645,차장급,아니오,남,기혼,4년제졸
NA,차장급,아니오,남,기혼,4년제졸
4900,대리급,아니오,남,기혼,4년제졸
NA,사원급,예,여,미혼,전문대졸
3000,사원급,아니오,남,미혼,4년제졸
5500,과장급,아니오,남,기혼,4년제졸
2700,주임/계장,아니오,남,미혼,4년제졸
2300,사원급,아니오,여,미혼,공고졸
6400,차장급,아니오,남,기혼,4년제졸
NA,사원급,아니오,여,미혼,4년제졸
NA,사원급,예,여,미혼,전문대졸
4300,대리급,아니오,남,기혼,4년제졸
NA,임원급,아니오,남,기혼,전문대졸
NA,과장급,아니오,여,미혼,전문대졸
NA,과장급,아니오,남,기혼,4년제졸
NA,차장급,아니오,남,기혼,4년제졸
NA,과장급,아니오,남,미혼,4년제졸
4000,대리급,아니오,남,기혼,4년제졸
NA,대리급,아니오,남,미혼,석사졸
NA,과장급,아니오,남,기혼,4년제졸
NA,부장급,아니오,남,기혼,4년제졸
5000,차장급,아니오,남,기혼,4년제졸
NA,임원급,아니오,남,기혼,4년제졸
8000,부장급,아니오,남,기혼,4년제졸
3000,대리급,아니오,여,미혼,4년제졸
4500,과장급,아니오,남,기혼,4년제졸
NA,대리급,아니오,남,미혼,4년제졸
5000,차장급,아니오,남,기혼,4년제졸
3500,대리급,예,여,미혼,석사졸
NA,대리급,아니오,남,기혼,4년제졸
3500,과장급,예,남,기혼,4년제졸
5000,차장급,아니오,여,기혼,4년제졸
